Rk,Player,Pos,Age,Tm,G,GS,MP,FG,FGA,FG%,3P,3PA,3P,2P,2PA,2P,eFG%,FT,FTA,FT%,ORB,DRB,TRB,AST,STL,BLK,TOV,PF,PTS
1,Quincy Acy,PF,24,NYK,68,22,1287,152,331,0.459,18,60,0.3,134,271,0.494,0.486,76,97,0.784,79,222,301,68,27,22,60,147,398
2,Jordan Adams,SG,20,MEM,30,0,248,35,86,0.407,10,25,0.4,25,61,0.41,0.465,14,23,0.609,9,19,28,16,16,7,14,24,94
3,Steven Adams,C,21,OKC,70,67,1771,217,399,0.544,0,2,0,217,397,0.547,0.544,103,205,0.502,199,324,523,66,38,86,99,222,537
4,Jeff Adrien,PF,28,MIN,17,0,215,19,44,0.432,0,0,,19,44,0.432,0.432,22,38,0.579,23,54,77,15,4,9,9,30,60
5,Arron Afflalo,SG,29,TOT,78,72,2502,375,884,0.424,118,333,0.354,257,551,0.466,0.491,167,198,0.843,27,220,247,129,41,7,116,167,1035
5,Arron Afflalo,SG,29,DEN,53,53,1750,281,657,0.428,82,243,0.337,199,414,0.481,0.49,127,151,0.841,21,159,180,101,32,5,83,108,771
5,Arron Afflalo,SG,29,POR,25,19,752,94,227,0.414,36,90,0.4,58,137,0.423,0.493,40,47,0.851,6,61,67,28,9,2,33,59,264
6,Alexis Ajinca,C,26,NOP,68,8,957,181,329,0.55,0,0,,181,329,0.55,0.55,81,99,0.818,104,211,315,47,21,51,69,151,443
7,Furkan Aldemir,PF,23,PHI,41,9,540,40,78,0.513,0,5,0,40,73,0.548,0.513,13,27,0.481,78,98,176,28,17,16,17,96,93
8,Cole Aldrich,C,26,NYK,61,16,976,144,301,0.478,0,0,,144,301,0.478,0.478,50,64,0.781,101,237,338,75,37,65,59,122,338
9,LaMarcus Aldridge,PF,29,POR,71,71,2512,659,1415,0.466,37,105,0.352,622,1310,0.475,0.479,306,362,0.845,177,549,726,124,48,68,122,125,1661
10,Lavoy Allen,PF,25,IND,63,0,1070,141,299,0.472,0,0,,141,299,0.472,0.472,33,47,0.702,123,200,323,73,15,42,40,102,315
11,Tony Allen,SG,33,MEM,63,41,1648,225,455,0.495,10,29,0.345,215,426,0.505,0.505,79,126,0.627,103,177,280,86,129,30,86,166,539
12,Al-Farouq Aminu,SF,24,DAL,74,3,1366,147,357,0.412,34,124,0.274,113,233,0.485,0.459,84,118,0.712,114,228,342,59,70,62,55,137,412
13,Lou Amundson,PF,32,TOT,53,35,937,109,255,0.427,0,1,0,109,254,0.429,0.427,41,87,0.471,94,174,268,70,22,52,62,126,259
13,Lou Amundson,PF,32,CLE,12,0,79,4,12,0.333,0,0,,4,12,0.333,0.333,3,5,0.6,5,15,20,5,1,0,5,11,11
13,Lou Amundson,PF,32,NYK,41,35,858,105,243,0.432,0,1,0,105,242,0.434,0.432,38,82,0.463,89,159,248,65,21,52,57,115,248
14,Chris Andersen,C,36,MIA,60,20,1132,120,207,0.58,4,13,0.308,116,194,0.598,0.589,76,114,0.667,76,223,299,43,26,61,40,88,320
15,Alan Anderson,SG,32,BRK,74,19,1744,195,440,0.443,73,210,0.348,122,230,0.53,0.526,82,101,0.812,31,173,204,83,56,5,60,148,545
16,Kyle Anderson,SF,21,SAS,33,8,358,31,89,0.348,3,11,0.273,28,78,0.359,0.365,9,14,0.643,5,67,72,28,15,7,10,28,74
17,Ryan Anderson,PF,26,NOP,61,5,1675,291,729,0.399,122,359,0.34,169,370,0.457,0.483,129,151,0.854,108,187,295,55,33,20,62,113,833
18,Giannis Antetokounmpo,SG,20,MIL,81,71,2541,383,780,0.491,7,44,0.159,376,736,0.511,0.496,257,347,0.741,100,442,542,207,73,85,173,254,1030
19,Carmelo Anthony,SF,30,NYK,40,40,1428,358,806,0.444,61,179,0.341,297,627,0.474,0.482,189,237,0.797,72,192,264,122,40,17,89,87,966
20,Joel Anthony,C,32,DET,49,0,406,36,62,0.581,0,0,,36,62,0.581,0.581,15,22,0.682,32,61,93,5,12,49,12,55,87
21,Pero Antic,PF,32,ATL,63,3,1037,108,296,0.365,52,173,0.301,56,123,0.455,0.453,88,123,0.715,58,131,189,49,18,14,49,132,356
22,Trevor Ariza,SF,29,HOU,82,82,2930,366,910,0.402,194,555,0.35,172,355,0.485,0.509,122,143,0.853,77,382,459,209,152,17,141,186,1048
23,Darrell Arthur,PF,26,DEN,58,4,988,155,384,0.404,26,110,0.236,129,274,0.471,0.438,46,59,0.78,53,118,171,57,48,26,47,146,382
24,Omer Asik,C,28,NOP,76,76,1982,213,412,0.517,0,0,,213,412,0.517,0.517,131,225,0.582,244,504,748,72,29,54,95,144,557
25,D.J. Augustin,PG,27,TOT,82,14,1964,258,647,0.399,83,246,0.337,175,401,0.436,0.463,178,205,0.868,20,141,161,353,49,3,145,93,777
25,D.J. Augustin,PG,27,DET,54,13,1287,189,461,0.41,49,150,0.327,140,311,0.45,0.463,147,169,0.87,13,87,100,265,33,2,110,61,574
25,D.J. Augustin,PG,27,OKC,28,1,677,69,186,0.371,34,96,0.354,35,90,0.389,0.462,31,36,0.861,7,54,61,88,16,1,35,32,203
26,Jeff Ayres,PF,27,SAS,51,0,383,55,95,0.579,0,0,,55,95,0.579,0.579,27,36,0.75,37,80,117,14,8,8,26,60,137
27,Luke Babbitt,SF,25,NOP,63,19,830,92,192,0.479,59,115,0.513,33,77,0.429,0.633,13,19,0.684,12,99,111,24,17,11,26,63,256
28,Cameron Bairstow,PF,24,CHI,18,1,64,3,14,0.214,0,0,,3,14,0.214,0.214,4,5,0.8,6,2,8,1,2,1,3,8,10
29,Leandro Barbosa,SG,32,GSW,66,1,982,183,386,0.474,43,112,0.384,140,274,0.511,0.53,58,74,0.784,23,68,91,99,41,8,44,87,467
30,J.J. Barea,PG,30,DAL,77,10,1362,225,536,0.42,54,167,0.323,171,369,0.463,0.47,76,94,0.809,23,111,134,263,33,1,70,104,580
31,Andrea Bargnani,C,29,NYK,29,22,785,164,361,0.454,15,41,0.366,149,320,0.466,0.475,87,107,0.813,32,95,127,46,2,27,42,53,430
32,Harrison Barnes,SF,22,GSW,82,82,2318,316,656,0.482,87,215,0.405,229,441,0.519,0.548,108,150,0.72,117,336,453,116,61,19,71,146,827
33,Matt Barnes,SF,34,LAC,76,74,2271,277,624,0.444,136,376,0.362,141,248,0.569,0.553,74,95,0.779,51,251,302,114,67,50,87,240,764
34,Earl Barron,C,33,PHO,16,1,143,12,39,0.308,2,4,0.5,10,35,0.286,0.333,6,12,0.5,14,14,28,5,4,2,5,26,32
35,Will Barton,SG,24,TOT,58,0,983,150,353,0.425,23,85,0.271,127,268,0.474,0.458,74,94,0.787,26,136,162,81,48,19,61,70,397
35,Will Barton,SG,24,POR,30,0,300,38,100,0.38,4,18,0.222,34,82,0.415,0.4,10,15,0.667,3,31,34,27,14,4,17,20,90
35,Will Barton,SG,24,DEN,28,0,683,112,253,0.443,19,67,0.284,93,186,0.5,0.48,64,79,0.81,23,105,128,54,34,15,44,50,307
36,Brandon Bass,PF,29,BOS,82,43,1929,344,683,0.504,9,32,0.281,335,651,0.515,0.51,169,214,0.79,139,259,398,104,41,32,83,140,866
37,Nicolas Batum,SF,26,POR,71,71,2380,240,600,0.4,100,309,0.324,140,291,0.481,0.483,84,98,0.857,62,354,416,341,78,40,132,106,664
38,Jerryd Bayless,PG,26,MIL,77,4,1717,220,516,0.426,37,120,0.308,183,396,0.462,0.462,121,137,0.883,22,189,211,233,59,12,133,163,598
39,Aron Baynes,C,28,SAS,70,17,1122,185,327,0.566,1,4,0.25,184,323,0.57,0.567,90,104,0.865,109,209,318,35,16,22,65,162,461
40,Kent Bazemore,SG,25,ATL,75,10,1324,141,331,0.426,48,132,0.364,93,199,0.467,0.498,60,100,0.6,21,201,222,78,52,33,73,127,390
41,Bradley Beal,SG,21,WAS,63,59,2107,363,851,0.427,106,259,0.409,257,592,0.434,0.489,130,166,0.783,57,184,241,194,76,18,123,136,962
42,Michael Beasley,SF,26,MIA,24,1,505,92,212,0.434,8,34,0.235,84,178,0.472,0.453,20,26,0.769,12,77,89,32,15,13,37,66,212
43,Marco Belinelli,SG,28,SAS,62,9,1388,199,470,0.423,86,230,0.374,113,240,0.471,0.515,84,99,0.848,26,131,157,94,31,3,61,85,568
44,Jerrelle Benimon,PF,23,UTA,2,0,3,0,0,,0,0,,0,0,,,0,0,,1,2,3,0,0,0,1,0,0
45,Anthony Bennett,PF,21,MIN,57,3,894,125,297,0.421,7,23,0.304,118,274,0.431,0.433,41,64,0.641,52,164,216,48,27,16,36,87,298
46,Patrick Beverley,PG,26,HOU,56,55,1727,204,532,0.383,115,323,0.356,89,209,0.426,0.492,45,60,0.75,67,170,237,192,59,23,83,182,568
47,Sim Bhullar,C,22,SAC,3,0,3,1,2,0.5,0,0,,1,2,0.5,0.5,0,0,,0,1,1,1,0,1,0,0,2
48,Bismack Biyombo,C,22,CHO,64,21,1243,101,186,0.543,0,0,,101,186,0.543,0.543,102,175,0.583,159,248,407,16,18,99,52,140,304
49,Tarik Black,C,23,TOT,63,39,1196,157,273,0.575,0,1,0,157,272,0.577,0.575,65,118,0.551,142,226,368,42,19,24,48,158,379
49,Tarik Black,C,23,HOU,25,12,393,45,83,0.542,0,1,0,45,82,0.549,0.542,15,29,0.517,58,69,127,8,6,2,19,56,105
49,Tarik Black,C,23,LAL,38,27,803,112,190,0.589,0,0,,112,190,0.589,0.589,50,89,0.562,84,157,241,34,13,22,29,102,274
50,DeJuan Blair,PF,25,WAS,29,0,180,26,57,0.456,0,0,,26,57,0.456,0.456,4,6,0.667,16,40,56,3,7,1,13,41,56
51,Steve Blake,PG,34,POR,81,0,1529,122,327,0.373,77,219,0.352,45,108,0.417,0.491,29,41,0.707,16,121,137,288,41,5,104,118,350
52,Eric Bledsoe,PG,25,PHO,81,81,2800,468,1046,0.447,88,272,0.324,380,774,0.491,0.489,353,441,0.8,72,351,423,493,127,45,274,189,1377
53,Vander Blue,SG,22,LAL,2,1,74,9,30,0.3,2,10,0.2,7,20,0.35,0.333,2,5,0.4,2,7,9,8,3,0,6,4,22
54,Bojan Bogdanovic,SF,25,BRK,78,28,1854,261,576,0.453,91,256,0.355,170,320,0.531,0.532,87,106,0.821,50,163,213,68,34,9,78,104,700
55,Andrew Bogut,C,30,GSW,67,65,1583,200,355,0.563,0,0,,200,355,0.563,0.563,22,42,0.524,141,402,543,180,39,113,106,188,422
56,Matt Bonner,PF,34,SAS,72,19,935,94,230,0.409,46,126,0.365,48,104,0.462,0.509,30,37,0.811,29,86,115,47,10,12,11,65,264
57,Trevor Booker,PF,27,UTA,79,5,1564,226,464,0.487,29,84,0.345,197,380,0.518,0.518,86,148,0.581,139,258,397,83,43,41,88,144,567
58,Carlos Boozer,PF,33,LAL,71,26,1692,371,743,0.499,0,0,,371,743,0.499,0.499,94,150,0.627,111,371,482,95,41,12,92,184,836
59,Chris Bosh,C,30,MIA,44,44,1556,343,745,0.46,63,168,0.375,280,577,0.485,0.503,179,232,0.772,46,264,310,95,41,25,95,69,928
60,Avery Bradley,SG,24,BOS,77,77,2428,434,1012,0.429,124,352,0.352,310,660,0.47,0.49,79,100,0.79,46,195,241,135,82,15,109,177,1071
61,Elton Brand,PF,35,ATL,36,4,486,42,95,0.442,0,1,0,42,94,0.447,0.442,12,23,0.522,28,72,100,22,17,25,18,54,96
62,Corey Brewer,SF,28,TOT,80,17,2087,343,805,0.426,63,235,0.268,280,570,0.491,0.465,168,226,0.743,80,217,297,173,114,19,131,173,917
62,Corey Brewer,SF,28,MIN,24,16,680,94,225,0.418,8,41,0.195,86,184,0.467,0.436,55,78,0.705,32,62,94,78,54,4,50,62,251
62,Corey Brewer,SF,28,HOU,56,1,1407,249,580,0.429,55,194,0.284,194,386,0.503,0.477,113,148,0.764,48,155,203,95,60,15,81,111,666
63,Aaron Brooks,PG,30,CHI,82,21,1885,344,817,0.421,121,313,0.387,223,504,0.442,0.495,145,174,0.833,32,134,166,261,54,15,157,189,954
64,Jabari Brown,SG,22,LAL,19,5,568,70,170,0.412,23,62,0.371,47,108,0.435,0.479,64,85,0.753,3,33,36,40,12,2,32,33,227
65,Lorenzo Brown,PG,24,MIN,29,7,549,52,122,0.426,6,28,0.214,46,94,0.489,0.451,12,19,0.632,14,56,70,90,28,6,30,49,122
66,Markel Brown,SG,23,BRK,47,29,781,76,210,0.362,17,64,0.266,59,146,0.404,0.402,47,57,0.825,16,91,107,39,31,12,27,57,216
67,Shannon Brown,SG,29,MIA,5,2,89,7,19,0.368,3,7,0.429,4,12,0.333,0.447,3,4,0.75,0,1,1,3,4,0,4,8,20
68,Kobe Bryant,SG,36,LAL,35,35,1207,266,713,0.373,54,184,0.293,212,529,0.401,0.411,196,241,0.813,26,173,199,197,47,7,128,65,782
69,Chase Budinger,SF,26,MIN,67,4,1286,169,390,0.433,52,143,0.364,117,247,0.474,0.5,67,81,0.827,33,165,198,64,44,10,49,72,457
70,Reggie Bullock,SF,23,TOT,36,2,338,24,70,0.343,15,46,0.326,9,24,0.375,0.45,6,9,0.667,1,49,50,8,10,4,8,19,69
70,Reggie Bullock,SF,23,LAC,25,2,263,23,54,0.426,15,39,0.385,8,15,0.533,0.565,4,5,0.8,0,40,40,6,9,2,6,17,65
70,Reggie Bullock,SF,23,PHO,11,0,75,1,16,0.063,0,7,0,1,9,0.111,0.063,2,4,0.5,1,9,10,2,1,2,2,2,4
71,Trey Burke,PG,22,UTA,76,43,2288,370,1005,0.368,124,390,0.318,246,615,0.4,0.43,109,145,0.752,31,173,204,328,65,15,124,119,973
72,Alec Burks,SG,23,UTA,27,27,899,121,300,0.403,26,68,0.382,95,232,0.409,0.447,106,129,0.822,19,95,114,82,17,5,52,64,374
73,Caron Butler,SF,34,DET,78,21,1623,161,396,0.407,83,219,0.379,78,177,0.441,0.511,55,61,0.902,21,175,196,79,43,4,49,120,460
74,Jimmy Butler,SG,25,CHI,65,65,2513,421,912,0.462,73,193,0.378,348,719,0.484,0.502,386,463,0.834,114,265,379,212,114,36,93,108,1301
75,Rasual Butler,SF,35,WAS,75,1,1505,218,517,0.422,91,235,0.387,127,282,0.45,0.51,53,67,0.791,27,170,197,63,29,22,48,98,580
76,Dwight Buycks,PG,25,LAL,6,0,123,18,40,0.45,7,11,0.636,11,29,0.379,0.538,9,10,0.9,2,10,12,14,3,0,12,3,52
77,Will Bynum,SG,32,WAS,7,0,67,10,31,0.323,0,9,0,10,22,0.455,0.323,2,4,0.5,2,4,6,18,1,1,8,9,22
78,Bruno Caboclo,SF,19,TOR,8,0,23,4,12,0.333,2,3,0.667,2,9,0.222,0.417,0,0,,1,1,2,0,0,1,4,3,10
79,Nick Calathes,SG,25,MEM,58,0,838,104,247,0.421,11,43,0.256,93,204,0.456,0.443,24,45,0.533,19,87,106,146,63,5,61,100,243
80,Jose Calderon,PG,33,NYK,42,42,1270,147,354,0.415,59,142,0.415,88,212,0.415,0.499,29,32,0.906,19,105,124,198,31,0,75,76,382
81,Kentavious Caldwell-Pope,SG,21,DET,82,82,2587,390,972,0.401,153,444,0.345,237,528,0.449,0.48,110,158,0.696,46,209,255,109,93,18,94,161,1043
82,Isaiah Canaan,PG,23,TOT,47,21,938,146,378,0.386,91,246,0.37,55,132,0.417,0.507,49,60,0.817,18,69,87,98,29,3,62,83,432
82,Isaiah Canaan,PG,23,HOU,25,9,369,53,131,0.405,32,84,0.381,21,47,0.447,0.527,16,21,0.762,11,22,33,29,14,0,23,28,154
82,Isaiah Canaan,PG,23,PHI,22,12,569,93,247,0.377,59,162,0.364,34,85,0.4,0.496,33,39,0.846,7,47,54,69,15,3,39,55,278
83,Clint Capela,C,20,HOU,12,0,90,14,29,0.483,0,0,,14,29,0.483,0.483,4,23,0.174,10,26,36,2,1,9,5,14,32
84,DeMarre Carroll,SF,28,ATL,70,69,2189,318,653,0.487,120,304,0.395,198,349,0.567,0.579,127,181,0.702,99,273,372,118,94,17,75,154,883
85,Vince Carter,SG,38,MEM,66,1,1091,135,406,0.333,69,232,0.297,66,174,0.379,0.417,45,57,0.789,27,106,133,79,43,14,43,102,384
86,Michael Carter-Williams,PG,23,TOT,66,63,2149,364,919,0.396,36,153,0.235,328,766,0.428,0.416,202,291,0.694,64,289,353,442,111,30,253,167,966
86,Michael Carter-Williams,PG,23,PHI,41,38,1391,232,611,0.38,32,125,0.256,200,486,0.412,0.406,117,182,0.643,43,211,254,302,60,18,174,103,613
86,Michael Carter-Williams,PG,23,MIL,25,25,758,132,308,0.429,4,28,0.143,128,280,0.457,0.435,85,109,0.78,21,78,99,140,51,12,79,64,353
87,Omri Casspi,SF,26,SAC,67,19,1416,209,427,0.489,35,87,0.402,174,340,0.512,0.53,140,191,0.733,54,206,260,102,31,9,88,107,593
88,Mario Chalmers,PG,28,MIA,80,37,2368,267,663,0.403,73,248,0.294,194,415,0.467,0.458,206,266,0.774,24,182,206,307,122,10,173,251,813
89,Tyson Chandler,C,32,DAL,75,75,2286,293,440,0.666,0,0,,293,440,0.666,0.666,185,257,0.72,294,570,864,84,42,91,105,169,771
90,Wilson Chandler,SF,27,DEN,78,75,2471,418,975,0.429,139,406,0.342,279,569,0.49,0.5,110,142,0.775,96,379,475,134,58,29,110,231,1085
91,Will Cherry,PG,23,CLE,8,0,69,5,19,0.263,2,9,0.222,3,10,0.3,0.316,3,6,0.5,1,4,5,8,6,1,4,10,15
92,Patrick Christopher,SG,26,UTA,4,1,29,3,12,0.25,0,4,0,3,8,0.375,0.25,0,0,,2,4,6,0,1,0,1,6,6
93,Earl Clark,PF,27,BRK,10,0,93,11,30,0.367,4,14,0.286,7,16,0.438,0.433,1,4,0.25,1,22,23,3,3,4,6,12,27
94,Ian Clark,SG,23,TOT,30,0,192,19,55,0.345,10,30,0.333,9,25,0.36,0.436,9,9,1,4,12,16,12,9,3,9,20,57
94,Ian Clark,SG,23,UTA,23,0,161,15,44,0.341,9,25,0.36,6,19,0.316,0.443,5,5,1,4,9,13,10,6,2,7,12,44
94,Ian Clark,SG,23,DEN,7,0,31,4,11,0.364,1,5,0.2,3,6,0.5,0.409,4,4,1,0,3,3,2,3,1,2,8,13
95,Jordan Clarkson,PG,22,LAL,59,38,1476,267,596,0.448,38,121,0.314,229,475,0.482,0.48,131,158,0.829,56,135,191,206,51,12,96,109,703
96,Victor Claver,SF,26,POR,10,0,76,9,20,0.45,6,11,0.545,3,9,0.333,0.6,0,0,,3,17,20,1,1,1,4,12,24
97,Norris Cole,PG,26,TOT,75,25,1831,230,558,0.412,55,176,0.313,175,382,0.458,0.461,58,81,0.716,13,146,159,255,57,15,99,124,573
97,Norris Cole,PG,26,MIA,47,23,1148,118,306,0.386,27,102,0.265,91,204,0.446,0.43,32,46,0.696,12,96,108,165,42,8,58,75,295
97,Norris Cole,PG,26,NOP,28,2,683,112,252,0.444,28,74,0.378,84,178,0.472,0.5,26,35,0.743,1,50,51,90,15,7,41,49,278
98,Darren Collison,PG,27,SAC,45,45,1565,260,550,0.473,60,161,0.373,200,389,0.514,0.527,145,184,0.788,19,124,143,252,67,14,112,95,725
99,Nick Collison,PF,34,OKC,66,2,1101,106,253,0.419,16,60,0.267,90,193,0.466,0.451,45,65,0.692,90,160,250,90,35,25,45,156,273
100,Mike Conley,PG,27,MEM,70,70,2225,393,882,0.446,107,277,0.386,286,605,0.473,0.506,214,249,0.859,29,180,209,375,89,14,156,139,1107
101,Jack Cooley,PF,23,UTA,16,0,87,9,22,0.409,0,0,,9,22,0.409,0.409,9,21,0.429,10,15,25,1,6,3,3,23,27
102,Chris Copeland,SF,30,IND,50,12,828,112,310,0.361,52,167,0.311,60,143,0.42,0.445,33,45,0.733,23,88,111,51,11,11,59,78,309
103,Bryce Cotton,PG,22,UTA,15,0,159,29,69,0.42,7,20,0.35,22,49,0.449,0.471,15,18,0.833,3,15,18,15,4,0,12,6,80
104,DeMarcus Cousins,C,24,SAC,59,59,2013,498,1066,0.467,2,8,0.25,496,1058,0.469,0.468,423,541,0.782,185,562,747,210,90,103,254,241,1421
105,Robert Covington,SF,24,PHI,70,49,1956,299,756,0.396,167,446,0.374,132,310,0.426,0.506,178,217,0.82,65,251,316,105,97,31,128,189,943
106,Allen Crabbe,SG,22,POR,51,9,683,63,153,0.412,30,85,0.353,33,68,0.485,0.51,12,16,0.75,7,66,73,39,19,15,15,74,168
107,Jamal Crawford,SG,34,LAC,64,4,1703,332,839,0.396,119,364,0.327,213,475,0.448,0.467,227,252,0.901,18,106,124,158,59,14,92,108,1010
108,Jae Crowder,SF,24,TOT,82,17,1647,229,545,0.42,61,208,0.293,168,337,0.499,0.476,109,141,0.773,72,221,293,94,72,25,49,137,628
108,Jae Crowder,SF,24,DAL,25,0,265,33,76,0.434,13,38,0.342,20,38,0.526,0.52,10,11,0.909,12,17,29,12,15,5,10,26,89
108,Jae Crowder,SF,24,BOS,57,17,1382,196,469,0.418,48,170,0.282,148,299,0.495,0.469,99,130,0.762,60,204,264,82,57,20,39,111,539
109,Dante Cunningham,PF,27,NOP,66,27,1652,155,339,0.457,1,10,0.1,154,329,0.468,0.459,29,47,0.617,70,186,256,50,46,37,35,101,340
110,Jared Cunningham,SG,23,LAC,19,0,89,12,33,0.364,4,13,0.308,8,20,0.4,0.424,7,13,0.538,1,8,9,10,3,0,7,12,35
111,Seth Curry,PG,24,PHO,2,0,8,0,3,0,0,1,0,0,2,0,0,0,0,,0,2,2,1,0,0,0,2,0
112,Stephen Curry,PG,26,GSW,80,80,2613,653,1341,0.487,286,646,0.443,367,695,0.528,0.594,308,337,0.914,56,285,341,619,163,16,249,158,1900
113,Samuel Dalembert,C,33,NYK,32,21,544,57,130,0.438,0,0,,57,130,0.438,0.438,14,20,0.7,53,115,168,29,14,41,39,70,128
114,Troy Daniels,SG,23,TOT,47,0,397,61,165,0.37,43,118,0.364,18,47,0.383,0.5,11,13,0.846,8,25,33,22,6,1,20,40,176
114,Troy Daniels,SG,23,HOU,17,0,108,15,47,0.319,13,43,0.302,2,4,0.5,0.457,3,4,0.75,0,6,6,4,0,0,5,14,46
114,Troy Daniels,SG,23,MIN,19,0,154,19,59,0.322,13,39,0.333,6,20,0.3,0.432,2,2,1,6,13,19,13,3,0,8,14,53
114,Troy Daniels,SG,23,CHO,11,0,135,27,59,0.458,17,36,0.472,10,23,0.435,0.602,6,7,0.857,2,6,8,5,3,1,7,12,77
115,Luigi Datome,SF,27,TOT,21,1,209,43,89,0.483,18,40,0.45,25,49,0.51,0.584,1,1,1,3,26,29,9,2,7,9,15,105
115,Luigi Datome,SF,27,DET,3,0,17,5,12,0.417,1,4,0.25,4,8,0.5,0.458,0,0,,1,3,4,2,1,0,2,1,11
115,Luigi Datome,SF,27,BOS,18,1,192,38,77,0.494,17,36,0.472,21,41,0.512,0.604,1,1,1,2,23,25,7,1,7,7,14,94
116,Brandon Davies,PF,23,TOT,27,6,423,55,137,0.401,8,34,0.235,47,103,0.456,0.431,24,37,0.649,38,45,83,30,18,7,29,59,142
116,Brandon Davies,PF,23,PHI,20,6,379,49,119,0.412,7,30,0.233,42,89,0.472,0.441,21,33,0.636,35,38,73,28,17,4,25,54,126
116,Brandon Davies,PF,23,BRK,7,0,44,6,18,0.333,1,4,0.25,5,14,0.357,0.361,3,4,0.75,3,7,10,2,1,3,4,5,16
117,Anthony Davis,PF,21,NOP,68,68,2455,642,1199,0.535,1,12,0.083,641,1187,0.54,0.536,371,461,0.805,173,523,696,149,100,200,95,141,1656
118,Ed Davis,PF,25,LAL,79,24,1840,282,469,0.601,0,0,,282,469,0.601,0.601,92,189,0.487,230,370,600,94,49,98,58,202,656
119,Glen Davis,PF,29,LAC,74,0,904,117,255,0.459,0,4,0,117,251,0.466,0.459,60,95,0.632,43,126,169,39,41,21,39,132,294
120,Andre Dawkins,SG,23,MIA,4,0,22,1,6,0.167,1,6,0.167,0,0,,0.25,0,0,,0,2,2,1,0,0,1,3,3
121,Austin Daye,SF,26,TOT,34,4,344,50,141,0.355,24,71,0.338,26,70,0.371,0.44,5,6,0.833,10,65,75,17,12,5,23,39,129
121,Austin Daye,SF,26,SAS,26,4,268,40,115,0.348,19,57,0.333,21,58,0.362,0.43,4,4,1,6,55,61,9,8,3,18,30,103
121,Austin Daye,SF,26,ATL,8,0,76,10,26,0.385,5,14,0.357,5,12,0.417,0.481,1,2,0.5,4,10,14,8,4,2,5,9,26
122,Dewayne Dedmon,C,25,ORL,59,15,845,91,162,0.562,0,1,0,91,161,0.565,0.562,34,64,0.531,118,177,295,9,16,50,51,141,216
123,Matthew Dellavedova,SG,24,CLE,67,13,1380,111,307,0.362,68,167,0.407,43,140,0.307,0.472,29,38,0.763,37,89,126,204,24,2,61,152,319
124,Luol Deng,SF,29,MIA,72,72,2421,369,787,0.469,78,220,0.355,291,567,0.513,0.518,191,251,0.761,103,273,376,139,65,22,108,109,1007
125,DeMar DeRozan,SG,25,TOR,60,60,2100,409,990,0.413,25,88,0.284,384,902,0.426,0.426,361,434,0.832,41,236,277,210,73,11,137,122,1204
126,Boris Diaw,PF,32,SAS,81,15,1984,291,632,0.46,54,169,0.32,237,463,0.512,0.503,72,93,0.774,78,270,348,233,36,23,126,148,708
127,Gorgui Dieng,C,25,MIN,73,49,2193,259,512,0.506,1,6,0.167,258,506,0.51,0.507,191,244,0.783,223,386,609,146,71,126,126,188,710
128,Spencer Dinwiddie,PG,21,DET,34,1,455,51,169,0.302,12,65,0.185,39,104,0.375,0.337,31,34,0.912,4,44,48,104,19,6,33,53,145
129,Joey Dorsey,PF,31,HOU,69,17,854,80,145,0.552,0,1,0,80,144,0.556,0.552,24,83,0.289,103,176,279,25,40,25,41,157,184
130,Toney Douglas,PG,28,NOP,12,0,177,19,51,0.373,5,18,0.278,14,33,0.424,0.422,8,13,0.615,2,20,22,24,11,4,10,20,51
131,Chris Douglas-Roberts,SG,28,LAC,12,0,103,5,21,0.238,1,7,0.143,4,14,0.286,0.262,8,8,1,1,11,12,4,1,0,0,14,19
132,Goran Dragic,SG-PG,28,TOT,78,78,2640,502,1002,0.501,90,259,0.347,412,743,0.555,0.546,181,234,0.774,81,193,274,350,78,15,173,195,1275
132,Goran Dragic,SG,28,PHO,52,52,1735,340,679,0.501,66,186,0.355,274,493,0.556,0.549,97,130,0.746,51,134,185,211,50,9,114,120,843
132,Goran Dragic,PG,28,MIA,26,26,905,162,323,0.502,24,73,0.329,138,250,0.552,0.539,84,104,0.808,30,59,89,139,28,6,59,75,432
133,Zoran Dragic,SG,25,TOT,16,1,75,11,30,0.367,3,14,0.214,8,16,0.5,0.417,3,5,0.6,5,3,8,5,2,0,5,6,28
133,Zoran Dragic,SG,25,PHO,6,0,13,2,8,0.25,0,5,0,2,3,0.667,0.25,2,3,0.667,2,1,3,1,0,0,0,1,6
133,Zoran Dragic,SG,25,MIA,10,1,62,9,22,0.409,3,9,0.333,6,13,0.462,0.477,1,2,0.5,3,2,5,4,2,0,5,5,22
134,Larry Drew,PG,24,PHI,12,1,219,20,58,0.345,4,26,0.154,16,32,0.5,0.379,2,3,0.667,1,14,15,45,6,0,25,13,46
135,Andre Drummond,C,21,DET,82,82,2502,494,961,0.514,0,2,0,494,959,0.515,0.514,142,365,0.389,437,667,1104,55,73,153,120,285,1130
136,Jared Dudley,SG,29,MIL,72,22,1717,198,423,0.468,74,192,0.385,124,231,0.537,0.556,48,67,0.716,45,175,220,130,72,11,62,113,518
137,Tim Duncan,PF,38,SAS,77,77,2227,419,819,0.512,2,7,0.286,417,812,0.514,0.513,230,311,0.74,170,534,704,230,63,151,131,165,1070
138,Mike Dunleavy,SF,34,CHI,63,63,1838,209,481,0.435,107,263,0.407,102,218,0.468,0.546,70,87,0.805,28,220,248,114,39,21,60,123,595
139,Kevin Durant,SF,26,OKC,27,27,913,238,467,0.51,64,159,0.403,174,308,0.565,0.578,146,171,0.854,16,162,178,110,24,25,74,40,686
140,Cleanthony Early,SF,23,NYK,39,7,647,76,214,0.355,22,84,0.262,54,130,0.415,0.407,36,48,0.75,22,75,97,36,24,12,40,57,210
141,Wayne Ellington,SG,27,LAL,65,36,1675,254,617,0.412,90,243,0.37,164,374,0.439,0.485,52,64,0.813,31,179,210,105,33,2,50,77,650
142,Monta Ellis,SG,29,DAL,80,80,2699,602,1354,0.445,81,284,0.285,521,1070,0.487,0.475,228,303,0.752,34,156,190,329,148,25,198,197,1513
143,James Ennis,SF,24,MIA,62,3,1051,101,247,0.409,31,95,0.326,70,152,0.461,0.472,79,94,0.84,51,125,176,48,25,17,39,89,312
144,Tyler Ennis,PG,20,TOT,33,1,411,52,144,0.361,12,43,0.279,40,101,0.396,0.403,5,7,0.714,7,28,35,73,18,5,42,36,121
144,Tyler Ennis,PG,20,PHO,8,0,58,9,21,0.429,2,6,0.333,7,15,0.467,0.476,2,2,1,1,6,7,14,0,2,8,3,22
144,Tyler Ennis,PG,20,MIL,25,1,353,43,123,0.35,10,37,0.27,33,86,0.384,0.39,3,5,0.6,6,22,28,59,18,3,34,33,99
145,Jeremy Evans,SF,27,UTA,38,0,266,32,58,0.552,2,5,0.4,30,53,0.566,0.569,24,29,0.828,26,45,71,13,11,12,5,29,90
146,Reggie Evans,PF,34,SAC,47,7,764,58,137,0.423,0,2,0,58,135,0.43,0.423,60,97,0.619,97,202,299,32,22,5,45,91,176
147,Tyreke Evans,SF,25,NOP,79,76,2690,521,1165,0.447,69,227,0.304,452,938,0.482,0.477,202,291,0.694,82,334,416,521,100,37,246,198,1313
148,Dante Exum,PG,19,UTA,82,41,1817,145,416,0.349,83,264,0.314,62,152,0.408,0.448,20,32,0.625,27,104,131,198,41,14,118,147,393
149,Festus Ezeli,C,25,GSW,46,7,504,76,139,0.547,0,0,,76,139,0.547,0.547,49,78,0.628,60,95,155,9,7,42,32,77,201
150,Kenneth Faried,PF,25,DEN,75,71,2086,373,736,0.507,1,8,0.125,372,728,0.511,0.507,199,288,0.691,242,426,668,89,62,57,118,211,946
151,Jordan Farmar,PG,28,LAC,36,0,529,61,158,0.386,35,97,0.361,26,61,0.426,0.497,10,11,0.909,8,34,42,67,20,5,32,52,167
152,Derrick Favors,PF,23,UTA,74,74,2280,482,918,0.525,1,6,0.167,481,912,0.527,0.526,222,332,0.669,196,411,607,112,60,123,121,210,1187
153,Raymond Felton,PG,30,DAL,29,3,281,43,106,0.406,10,34,0.294,33,72,0.458,0.453,12,15,0.8,2,24,26,41,11,4,18,17,108
154,Landry Fields,SF,26,TOR,26,9,216,20,41,0.488,1,2,0.5,19,39,0.487,0.5,5,6,0.833,10,16,26,15,11,0,8,9,46
155,Evan Fournier,SG,22,ORL,58,32,1661,253,575,0.44,85,225,0.378,168,350,0.48,0.514,107,147,0.728,28,125,153,120,40,2,82,116,698
156,Randy Foye,SG,31,DEN,50,21,1087,148,402,0.368,94,263,0.357,54,139,0.388,0.485,45,55,0.818,9,76,85,119,34,11,60,97,435
157,Jamaal Franklin,SG,23,DEN,3,0,13,1,2,0.5,1,2,0.5,0,0,,0.75,0,0,,1,1,2,3,0,1,3,4,3
158,Tim Frazier,PG,24,TOT,11,3,239,21,61,0.344,5,17,0.294,16,44,0.364,0.385,10,21,0.476,6,22,28,60,8,0,25,26,57
158,Tim Frazier,PG,24,PHI,6,3,171,13,43,0.302,3,11,0.273,10,32,0.313,0.337,5,15,0.333,4,15,19,43,6,0,18,16,34
158,Tim Frazier,PG,24,POR,5,0,68,8,18,0.444,2,6,0.333,6,12,0.5,0.5,5,6,0.833,2,7,9,17,2,0,7,10,23
159,Jimmer Fredette,PG,25,NOP,50,0,509,63,166,0.38,9,48,0.188,54,118,0.458,0.407,43,45,0.956,8,32,40,58,15,2,33,43,178
160,Joel Freeland,C,27,POR,48,8,617,74,151,0.49,0,0,,74,151,0.49,0.49,21,25,0.84,62,129,191,16,9,23,23,93,169
161,Channing Frye,PF,31,ORL,75,51,1870,191,487,0.392,136,346,0.393,55,141,0.39,0.532,31,35,0.886,27,266,293,94,47,39,78,191,549
162,Danilo Gallinari,SF,26,DEN,59,27,1426,228,568,0.401,107,301,0.355,121,267,0.453,0.496,171,191,0.895,31,187,218,83,47,20,57,94,734
163,Langston Galloway,PG,23,NYK,45,41,1457,204,511,0.399,62,176,0.352,142,335,0.424,0.46,63,78,0.808,37,153,190,150,52,12,61,129,533
164,Francisco Garcia,SF,33,HOU,14,0,200,17,63,0.27,10,45,0.222,7,18,0.389,0.349,1,4,0.25,3,14,17,15,9,5,10,20,45
165,Kevin Garnett,PF,38,TOT,47,47,952,143,306,0.467,1,7,0.143,142,299,0.475,0.469,36,45,0.8,48,263,311,77,46,17,46,109,323
165,Kevin Garnett,PF,38,BRK,42,42,854,125,275,0.455,1,6,0.167,124,269,0.461,0.456,34,41,0.829,46,239,285,69,41,13,45,96,285
165,Kevin Garnett,PF,38,MIN,5,5,98,18,31,0.581,0,1,0,18,30,0.6,0.581,2,4,0.5,2,24,26,8,5,4,1,13,38
166,Marc Gasol,C,30,MEM,81,81,2687,530,1072,0.494,3,17,0.176,527,1055,0.5,0.496,350,440,0.795,115,515,630,307,70,131,176,208,1413
167,Pau Gasol,PF,34,CHI,78,78,2681,570,1153,0.494,12,26,0.462,558,1127,0.495,0.5,294,366,0.803,220,699,919,210,25,147,158,147,1446
168,Rudy Gay,SF,28,SAC,68,67,2408,508,1116,0.455,79,220,0.359,429,896,0.479,0.491,337,393,0.858,98,301,399,250,71,41,183,157,1432
169,Alonzo Gee,SF,27,TOT,54,2,662,87,186,0.468,13,35,0.371,74,151,0.49,0.503,54,77,0.701,37,57,94,25,35,7,33,58,241
169,Alonzo Gee,SF,27,DEN,39,0,511,66,137,0.482,10,24,0.417,56,113,0.496,0.518,48,65,0.738,29,41,70,19,28,6,25,42,190
169,Alonzo Gee,SF,27,POR,15,2,151,21,49,0.429,3,11,0.273,18,38,0.474,0.459,6,12,0.5,8,16,24,6,7,1,8,16,51
170,Paul George,SF,24,IND,6,0,91,18,49,0.367,9,22,0.409,9,27,0.333,0.459,8,11,0.727,4,18,22,6,5,1,12,11,53
171,Taj Gibson,PF,29,CHI,62,17,1692,254,506,0.502,0,0,,254,506,0.502,0.502,132,184,0.717,162,234,396,71,36,75,77,162,640
172,Manu Ginobili,SG,37,SAS,70,0,1587,251,589,0.426,89,258,0.345,162,331,0.489,0.502,147,204,0.721,28,183,211,293,67,20,154,138,738
173,Rudy Gobert,C,22,UTA,82,37,2158,258,427,0.604,0,2,0,258,425,0.607,0.604,170,273,0.623,265,510,775,109,64,189,111,175,686
174,Drew Gooden,PF,33,WAS,51,7,864,110,276,0.399,23,59,0.39,87,217,0.401,0.44,34,44,0.773,72,151,223,49,21,9,28,91,277
175,Archie Goodwin,SG,20,PHO,41,2,535,79,201,0.393,12,41,0.293,67,160,0.419,0.423,61,83,0.735,27,47,74,44,18,9,48,55,231
176,Aaron Gordon,PF,19,ORL,47,8,797,93,208,0.447,13,48,0.271,80,160,0.5,0.478,44,61,0.721,46,123,169,33,21,22,38,83,243
177,Ben Gordon,SG,31,ORL,56,0,790,129,295,0.437,35,97,0.361,94,198,0.475,0.497,56,67,0.836,6,57,63,50,14,1,55,60,349
178,Drew Gordon,PF,24,PHI,9,0,71,8,19,0.421,0,3,0,8,16,0.5,0.421,1,2,0.5,7,11,18,2,1,0,8,7,17
179,Eric Gordon,SG,26,NOP,61,60,2018,285,694,0.411,141,315,0.448,144,379,0.38,0.512,107,133,0.805,28,131,159,229,50,14,122,145,818
180,Marcin Gortat,C,30,WAS,82,82,2453,439,775,0.566,0,3,0,439,772,0.569,0.566,123,175,0.703,180,537,717,97,49,110,100,191,1001
181,Danny Granger,SF,31,MIA,30,6,613,65,162,0.401,30,84,0.357,35,78,0.449,0.494,28,37,0.757,20,60,80,17,13,6,24,67,188
182,Jerami Grant,SF,20,PHI,65,11,1377,124,352,0.352,49,156,0.314,75,196,0.383,0.422,114,193,0.591,49,149,198,79,40,68,85,144,411
183,Danny Green,SG,27,SAS,81,80,2312,322,738,0.436,191,457,0.418,131,281,0.466,0.566,111,127,0.874,54,289,343,158,101,87,93,163,946
184,Draymond Green,PF,24,GSW,79,79,2490,339,765,0.443,111,329,0.337,228,436,0.523,0.516,132,200,0.66,114,533,647,291,123,99,133,253,921
185,Erick Green,PG,23,DEN,43,1,410,61,162,0.377,14,47,0.298,47,115,0.409,0.42,10,12,0.833,7,24,31,39,12,0,14,26,146
186,Gerald Green,SG,29,PHO,74,4,1446,324,778,0.416,137,387,0.354,187,391,0.478,0.504,99,120,0.825,33,153,186,91,42,12,104,145,884
187,JaMychal Green,PF,24,TOT,24,1,164,27,47,0.574,0,6,0,27,41,0.659,0.574,8,10,0.8,19,26,45,4,5,5,14,25,62
187,JaMychal Green,PF,24,SAS,4,0,25,4,7,0.571,0,2,0,4,5,0.8,0.571,0,0,,3,3,6,0,0,2,2,6,8
187,JaMychal Green,PF,24,MEM,20,1,139,23,40,0.575,0,4,0,23,36,0.639,0.575,8,10,0.8,16,23,39,4,5,3,12,19,54
188,Jeff Green,SF,28,TOT,78,70,2454,416,967,0.43,97,292,0.332,319,675,0.473,0.48,239,287,0.833,64,264,328,134,53,34,108,147,1168
188,Jeff Green,SF,28,BOS,33,33,1093,206,475,0.434,47,154,0.305,159,321,0.495,0.483,121,144,0.84,21,120,141,53,27,13,56,66,580
188,Jeff Green,SF,28,MEM,45,37,1361,210,492,0.427,50,138,0.362,160,354,0.452,0.478,118,143,0.825,43,144,187,81,26,21,52,81,588
189,Willie Green,SG,33,ORL,52,2,951,118,306,0.386,42,121,0.347,76,185,0.411,0.454,28,34,0.824,14,65,79,68,26,5,48,81,306
190,Blake Griffin,PF,25,LAC,67,67,2356,574,1144,0.502,10,25,0.4,564,1119,0.504,0.506,311,427,0.728,126,382,508,354,63,35,152,196,1469
191,Jorge Gutierrez,PG,26,TOT,20,1,175,22,41,0.537,0,3,0,22,38,0.579,0.537,9,13,0.692,5,20,25,22,6,0,12,25,53
191,Jorge Gutierrez,PG,26,BRK,10,0,44,7,14,0.5,0,1,0,7,13,0.538,0.5,2,3,0.667,0,7,7,7,1,0,3,9,16
191,Jorge Gutierrez,PG,26,MIL,10,1,131,15,27,0.556,0,2,0,15,25,0.6,0.556,7,10,0.7,5,13,18,15,5,0,9,16,37
192,P.J. Hairston,SG,22,CHO,45,2,687,87,269,0.323,49,163,0.301,38,106,0.358,0.414,31,36,0.861,22,70,92,21,21,13,22,61,254
193,Jordan Hamilton,SF,24,LAC,14,2,122,14,35,0.4,10,21,0.476,4,14,0.286,0.543,0,0,,2,14,16,7,2,0,4,14,38
194,Justin Hamilton,C,24,TOT,41,14,712,85,178,0.478,10,31,0.323,75,147,0.51,0.506,39,47,0.83,57,77,134,36,27,30,26,70,219
194,Justin Hamilton,C,24,MIA,24,5,289,27,65,0.415,6,19,0.316,21,46,0.457,0.462,6,7,0.857,24,24,48,12,8,5,8,33,66
194,Justin Hamilton,C,24,MIN,17,9,423,58,113,0.513,4,12,0.333,54,101,0.535,0.531,33,40,0.825,33,53,86,24,19,25,18,37,153
195,Tyler Hansbrough,PF,29,TOR,74,8,1058,86,165,0.521,1,7,0.143,85,158,0.538,0.524,97,139,0.698,106,159,265,21,30,15,20,141,270
196,Tim Hardaway,SG,22,NYK,70,30,1681,279,717,0.389,121,354,0.342,158,363,0.435,0.474,125,156,0.801,12,144,156,127,20,14,82,119,804
197,James Harden,SG,25,HOU,81,81,2981,647,1470,0.44,208,555,0.375,439,915,0.48,0.511,715,824,0.868,75,384,459,565,154,60,321,208,2217
198,Maurice Harkless,SF,21,ORL,45,4,674,63,158,0.399,10,56,0.179,53,102,0.52,0.43,22,41,0.537,38,68,106,25,32,9,27,66,158
199,Devin Harris,PG,31,DAL,76,3,1685,219,524,0.418,95,266,0.357,124,258,0.481,0.509,132,162,0.815,13,122,135,237,78,14,85,147,665
200,Gary Harris,SG,20,DEN,55,6,719,66,217,0.304,21,103,0.204,45,114,0.395,0.353,35,47,0.745,21,43,64,29,39,7,38,71,188
201,Joe Harris,SG,23,CLE,51,1,493,48,120,0.4,31,84,0.369,17,36,0.472,0.529,9,15,0.6,7,34,41,26,7,2,27,62,136
202,Tobias Harris,SF,22,ORL,68,63,2369,442,949,0.466,87,239,0.364,355,710,0.5,0.512,193,245,0.788,73,357,430,124,69,36,115,134,1164
203,Udonis Haslem,PF,34,MIA,62,25,995,107,239,0.448,2,10,0.2,105,229,0.459,0.452,45,64,0.703,71,187,258,46,21,13,41,113,261
204,Spencer Hawes,PF,26,LAC,73,15,1274,163,415,0.393,55,176,0.313,108,239,0.452,0.459,44,68,0.647,30,228,258,88,24,53,61,173,425
205,Chuck Hayes,C,31,TOR,29,0,255,22,46,0.478,0,0,,22,46,0.478,0.478,6,11,0.545,18,33,51,20,10,4,8,37,50
206,Gordon Hayward,SF,24,UTA,76,76,2618,484,1087,0.445,120,330,0.364,364,757,0.481,0.5,375,462,0.812,54,319,373,313,108,30,206,131,1463
207,Brendan Haywood,C,35,CLE,22,1,119,14,30,0.467,0,0,,14,30,0.467,0.467,7,13,0.538,6,23,29,2,2,10,10,17,35
208,Gerald Henderson,SG,27,CHO,80,72,2315,370,847,0.437,45,136,0.331,325,711,0.457,0.463,184,217,0.848,36,237,273,206,51,22,110,135,969
209,Xavier Henry,SF,23,LAL,9,0,86,3,13,0.231,0,0,,3,13,0.231,0.231,14,24,0.583,2,2,4,3,3,0,3,6,20
210,John Henson,C,24,MIL,67,11,1228,196,346,0.566,0,0,,196,346,0.566,0.566,78,137,0.569,124,188,312,59,28,135,87,152,470
211,Roy Hibbert,C,28,IND,76,76,1926,317,710,0.446,0,2,0,317,708,0.448,0.446,168,204,0.824,156,384,540,84,18,125,107,216,802
212,J.J. Hickson,C,26,DEN,73,8,1411,218,459,0.475,0,2,0,218,457,0.477,0.475,116,201,0.577,150,302,452,57,36,35,96,136,552
213,Nene Hilario,PF,32,WAS,67,58,1693,307,601,0.511,1,5,0.2,306,596,0.513,0.512,122,202,0.604,84,261,345,123,66,22,124,180,737
214,George Hill,PG,28,IND,43,36,1267,255,535,0.477,69,193,0.358,186,342,0.544,0.541,113,143,0.79,25,154,179,220,44,14,69,111,692
215,Jordan Hill,C,27,LAL,70,57,1874,357,777,0.459,3,11,0.273,354,766,0.462,0.461,124,168,0.738,174,382,556,103,34,52,106,164,841
216,Solomon Hill,SF,23,IND,82,78,2381,251,634,0.396,68,208,0.327,183,426,0.43,0.45,159,193,0.824,70,244,314,184,66,18,115,177,729
217,Kirk Hinrich,SG,34,CHI,66,22,1610,142,381,0.373,58,168,0.345,84,213,0.394,0.449,35,50,0.7,20,101,121,148,46,14,73,144,377
218,Jrue Holiday,PG,24,NOP,40,37,1303,238,534,0.446,51,135,0.378,187,399,0.469,0.493,65,76,0.855,32,103,135,274,63,23,91,110,592
219,Justin Holiday,SG,25,GSW,59,4,657,91,235,0.387,35,109,0.321,56,126,0.444,0.462,37,45,0.822,12,61,73,48,40,12,29,54,254
220,Ryan Hollins,C,30,SAC,46,9,441,53,82,0.646,0,0,,53,82,0.646,0.646,31,54,0.574,36,67,103,14,6,19,25,65,137
221,Rodney Hood,SG,22,UTA,50,21,1064,155,374,0.414,62,170,0.365,93,204,0.456,0.497,61,80,0.763,9,108,117,83,30,12,45,119,433
222,Al Horford,C,28,ATL,76,76,2318,519,965,0.538,11,36,0.306,508,929,0.547,0.544,107,141,0.759,131,413,544,244,68,98,100,121,1156
223,Dwight Howard,C,29,HOU,41,41,1223,251,423,0.593,1,2,0.5,250,421,0.594,0.595,143,271,0.528,110,321,431,50,28,53,115,137,646
224,Lester Hudson,SG,30,LAC,5,0,56,6,14,0.429,3,6,0.5,3,8,0.375,0.536,3,4,0.75,1,7,8,5,6,1,3,4,18
225,Robbie Hummel,SF,25,MIN,45,4,742,79,172,0.459,16,51,0.314,63,121,0.521,0.506,24,29,0.828,31,103,134,27,16,9,18,86,198
226,Kris Humphries,PF,29,WAS,64,17,1345,211,446,0.473,0,7,0,211,439,0.481,0.473,87,117,0.744,118,298,416,57,34,25,46,130,509
227,Serge Ibaka,PF,25,OKC,64,64,2116,374,786,0.476,77,205,0.376,297,581,0.511,0.525,92,110,0.836,135,364,499,55,30,155,97,194,917
228,Andre Iguodala,SG,31,GSW,77,0,2069,231,496,0.466,74,212,0.349,157,284,0.553,0.54,68,114,0.596,44,213,257,228,89,25,88,100,604
229,Ersan Ilyasova,PF,27,MIL,58,36,1319,263,557,0.472,74,190,0.389,189,367,0.515,0.539,69,107,0.645,80,197,277,56,36,19,45,149,669
230,Joe Ingles,SF,27,UTA,79,32,1673,147,354,0.415,72,202,0.356,75,152,0.493,0.517,30,40,0.75,22,153,175,182,72,10,98,124,396
231,Kyrie Irving,PG,22,CLE,75,75,2730,578,1235,0.468,157,378,0.415,421,857,0.491,0.532,315,365,0.863,55,182,237,389,114,20,186,146,1628
232,Jarrett Jack,PG,31,BRK,80,27,2241,359,817,0.439,39,146,0.267,320,671,0.477,0.463,200,227,0.881,19,226,245,373,75,13,191,143,957
233,Reggie Jackson,PG,24,TOT,77,40,2268,432,996,0.434,72,241,0.299,360,755,0.477,0.47,181,218,0.83,56,271,327,462,62,9,186,167,1117
233,Reggie Jackson,PG,24,OKC,50,13,1398,249,576,0.432,44,158,0.278,205,418,0.49,0.47,99,115,0.861,28,173,201,214,42,5,91,94,641
233,Reggie Jackson,PG,24,DET,27,27,870,183,420,0.436,28,83,0.337,155,337,0.46,0.469,82,103,0.796,28,98,126,248,20,4,95,73,476
234,Bernard James,C,29,DAL,16,2,158,12,27,0.444,0,0,,12,27,0.444,0.444,20,23,0.87,18,21,39,4,2,15,6,17,44
235,LeBron James,SF,30,CLE,69,69,2493,624,1279,0.488,120,339,0.354,504,940,0.536,0.535,375,528,0.71,51,365,416,511,109,49,272,135,1743
236,Al Jefferson,C,30,CHO,65,61,1992,486,1010,0.481,2,5,0.4,484,1005,0.482,0.482,108,165,0.655,99,449,548,113,47,84,68,139,1082
237,Cory Jefferson,PF,24,BRK,50,1,531,75,167,0.449,2,15,0.133,73,152,0.48,0.455,31,54,0.574,47,98,145,16,10,21,20,61,183
238,Richard Jefferson,SF,34,DAL,74,18,1244,144,324,0.444,66,155,0.426,78,169,0.462,0.546,78,114,0.684,25,158,183,61,32,11,52,115,432
239,John Jenkins,SG,23,ATL,24,3,297,49,99,0.495,21,52,0.404,28,47,0.596,0.601,16,19,0.842,2,37,39,13,10,0,8,15,135
240,Brandon Jennings,PG,25,DET,41,41,1173,218,543,0.401,76,211,0.36,142,332,0.428,0.471,120,143,0.839,21,83,104,272,44,4,90,64,632
241,Jonas Jerebko,PF,27,TOT,75,0,1230,169,379,0.446,54,140,0.386,115,239,0.481,0.517,56,66,0.848,93,189,282,71,46,18,44,135,448
241,Jonas Jerebko,PF,27,DET,46,0,703,91,198,0.46,28,76,0.368,63,122,0.516,0.53,31,36,0.861,47,95,142,41,27,11,26,77,241
241,Jonas Jerebko,PF,27,BOS,29,0,527,78,181,0.431,26,64,0.406,52,117,0.444,0.503,25,30,0.833,46,94,140,30,19,7,18,58,207
242,Grant Jerrett,PF,21,TOT,8,0,51,7,26,0.269,1,15,0.067,6,11,0.545,0.288,1,1,1,2,7,9,3,2,2,3,11,16
242,Grant Jerrett,PF,21,OKC,5,0,25,3,17,0.176,1,13,0.077,2,4,0.5,0.206,0,0,,1,3,4,1,0,2,2,7,7
242,Grant Jerrett,PF,21,UTA,3,0,26,4,9,0.444,0,2,0,4,7,0.571,0.444,1,1,1,1,4,5,2,2,0,1,4,9
243,Amir Johnson,PF,27,TOR,75,72,1979,298,519,0.574,19,46,0.413,279,473,0.59,0.592,79,129,0.612,159,297,456,117,44,59,110,225,694
244,Chris Johnson,SF,24,TOT,29,2,526,62,154,0.403,28,95,0.295,34,59,0.576,0.494,14,16,0.875,8,47,55,15,26,7,15,44,166
244,Chris Johnson,SF,24,PHI,9,2,187,19,60,0.317,10,39,0.256,9,21,0.429,0.4,6,8,0.75,3,23,26,3,9,5,9,19,54
244,Chris Johnson,SF,24,UTA,12,0,211,31,64,0.484,13,38,0.342,18,26,0.692,0.586,6,6,1,3,15,18,7,12,0,6,18,81
244,Chris Johnson,SF,24,MIL,8,0,128,12,30,0.4,5,18,0.278,7,12,0.583,0.483,2,2,1,2,9,11,5,5,2,0,7,31
245,James Johnson,PF,27,TOR,70,17,1370,238,404,0.589,11,51,0.216,227,353,0.643,0.603,67,102,0.657,61,196,257,95,54,70,79,155,554
246,Joe Johnson,SG,33,BRK,80,80,2791,446,1025,0.435,121,337,0.359,325,688,0.472,0.494,141,176,0.801,53,331,384,292,59,14,137,120,1154
247,Nick Johnson,SG,22,HOU,28,0,262,26,75,0.347,5,21,0.238,21,54,0.389,0.38,17,25,0.68,13,26,39,11,7,3,19,34,74
248,Tyler Johnson,SG,22,MIA,32,2,603,70,167,0.419,18,48,0.375,52,119,0.437,0.473,32,47,0.681,14,67,81,42,33,9,30,42,190
249,Wesley Johnson,SF,27,LAL,76,59,2245,286,691,0.414,91,259,0.351,195,432,0.451,0.48,90,112,0.804,67,252,319,124,59,45,87,162,753
250,Dahntay Jones,SF,34,LAC,33,0,123,6,21,0.286,0,4,0,6,17,0.353,0.286,9,11,0.818,1,10,11,2,3,0,1,23,21
251,James Jones,SF,34,CLE,57,2,669,74,201,0.368,63,175,0.36,11,26,0.423,0.525,39,46,0.848,9,53,62,24,13,8,13,67,250
252,Perry Jones,SF,23,OKC,43,13,631,73,184,0.397,14,60,0.233,59,124,0.476,0.435,24,37,0.649,6,70,76,18,17,8,24,50,184
253,Terrence Jones,PF,23,HOU,33,24,889,158,299,0.528,13,37,0.351,145,262,0.553,0.55,57,94,0.606,78,142,220,36,18,59,37,78,386
254,DeAndre Jordan,C,26,LAC,82,82,2820,379,534,0.71,1,4,0.25,378,530,0.713,0.711,187,471,0.397,397,829,1226,61,81,183,109,245,946
255,Jerome Jordan,C,28,BRK,44,0,383,50,94,0.532,0,0,,50,94,0.532,0.532,38,44,0.864,52,53,105,13,8,15,22,58,138
256,Cory Joseph,PG,23,SAS,79,14,1444,207,411,0.504,16,44,0.364,191,367,0.52,0.523,105,143,0.734,44,148,192,188,46,17,67,105,535
257,Chris Kaman,C,32,POR,74,13,1398,283,549,0.515,0,0,,283,549,0.515,0.515,72,102,0.706,149,335,484,65,18,54,108,140,638
258,Enes Kanter,C,22,TOT,75,74,2135,482,928,0.519,16,45,0.356,466,883,0.528,0.528,183,234,0.782,277,394,671,55,36,29,145,189,1163
258,Enes Kanter,C,22,UTA,49,48,1326,286,582,0.491,13,41,0.317,273,541,0.505,0.503,93,118,0.788,147,237,384,26,23,16,93,114,678
258,Enes Kanter,C,22,OKC,26,26,809,196,346,0.566,3,4,0.75,193,342,0.564,0.571,90,116,0.776,130,157,287,29,13,13,52,75,485
259,Sergey Karasev,SG,21,BRK,33,16,555,54,134,0.403,16,54,0.296,38,80,0.475,0.463,29,38,0.763,22,44,66,46,23,1,24,45,153
260,Ryan Kelly,PF,23,LAL,52,34,1233,104,309,0.337,45,134,0.336,59,175,0.337,0.409,79,95,0.832,13,133,146,92,30,24,37,118,332
261,Michael Kidd-Gilchrist,SF,21,CHO,55,52,1587,224,482,0.465,0,0,,224,482,0.465,0.465,150,214,0.701,109,307,416,77,30,38,63,115,598
262,Sean Kilpatrick,SG,25,MIN,4,0,72,7,20,0.35,4,13,0.308,3,7,0.429,0.45,4,4,1,1,5,6,4,3,0,2,3,22
263,Andrei Kirilenko,SF,33,BRK,7,0,36,0,5,0,0,0,,0,5,0,0,3,4,0.75,2,6,8,1,1,0,1,1,3
264,Alex Kirk,C,23,CLE,5,0,14,1,4,0.25,0,0,,1,4,0.25,0.25,2,2,1,1,0,1,1,0,0,0,1,4
265,Brandon Knight,PG-SG,23,TOT,63,61,2035,375,888,0.422,125,321,0.389,250,567,0.441,0.493,195,223,0.874,28,216,244,330,90,10,189,114,1070
265,Brandon Knight,PG,23,MIL,52,52,1688,324,745,0.435,104,254,0.409,220,491,0.448,0.505,171,194,0.881,26,195,221,281,84,9,166,93,923
265,Brandon Knight,SG,23,PHO,11,9,347,51,143,0.357,21,67,0.313,30,76,0.395,0.43,24,29,0.828,2,21,23,49,6,1,23,21,147
266,Kyle Korver,SG,33,ATL,75,75,2418,292,600,0.487,221,449,0.492,71,151,0.47,0.671,106,118,0.898,15,289,304,196,52,42,107,140,911
267,Kosta Koufos,C,25,MEM,81,3,1348,182,358,0.508,0,0,,182,358,0.508,0.508,55,85,0.647,121,305,426,37,29,63,69,148,419
268,Ognjen Kuzmic,C,24,GSW,16,0,72,8,12,0.667,0,0,,8,12,0.667,0.667,4,4,1,7,10,17,6,2,1,5,13,20
269,Jeremy Lamb,SG,22,OKC,47,8,633,104,250,0.416,38,111,0.342,66,139,0.475,0.492,49,55,0.891,8,99,107,44,21,6,27,52,295
270,Carl Landry,PF,31,SAC,70,15,1192,190,369,0.515,0,0,,190,369,0.515,0.515,123,150,0.82,99,169,268,26,15,17,54,132,503
271,Shane Larkin,PG,22,NYK,76,22,1865,187,432,0.433,35,116,0.302,152,316,0.481,0.473,61,78,0.782,29,147,176,226,93,9,83,150,470
272,Joffrey Lauvergne,C,23,DEN,24,1,268,36,89,0.404,3,16,0.188,33,73,0.452,0.421,18,28,0.643,27,50,77,13,8,10,22,43,93
273,Zach LaVine,PG,19,MIN,77,40,1902,286,677,0.422,57,167,0.341,229,510,0.449,0.465,149,177,0.842,27,187,214,276,54,10,193,158,778
274,Ty Lawson,PG,27,DEN,75,75,2665,404,926,0.436,70,205,0.341,334,721,0.463,0.474,265,363,0.73,42,192,234,720,92,9,185,128,1143
275,Ricky Ledo,SG,22,TOT,17,0,244,32,96,0.333,10,27,0.37,22,69,0.319,0.385,16,22,0.727,16,20,36,19,6,1,26,21,90
275,Ricky Ledo,SG,22,DAL,5,0,11,0,6,0,0,3,0,0,3,0,0,1,2,0.5,1,1,2,1,0,0,2,1,1
275,Ricky Ledo,SG,22,NYK,12,0,233,32,90,0.356,10,24,0.417,22,66,0.333,0.411,15,20,0.75,15,19,34,18,6,1,24,20,89
276,Courtney Lee,SG,29,MEM,77,74,2354,288,643,0.448,90,224,0.402,198,419,0.473,0.518,111,129,0.86,21,157,178,151,75,12,78,129,777
277,David Lee,PF,31,GSW,49,4,904,160,313,0.511,0,2,0,160,311,0.514,0.511,68,104,0.654,81,176,257,85,31,26,49,83,388
278,Malcolm Lee,SG,24,PHI,1,0,2,0,1,0,0,0,,0,1,0,0,0,0,,0,0,0,0,0,0,0,0,0
279,Alex Len,C,21,PHO,69,44,1518,179,353,0.507,1,3,0.333,178,350,0.509,0.508,73,104,0.702,142,312,454,32,34,105,74,213,432
280,Kawhi Leonard,SF,23,SAS,64,64,2033,394,822,0.479,67,192,0.349,327,630,0.519,0.52,202,252,0.802,85,376,461,161,148,48,97,128,1057
281,Meyers Leonard,C,22,POR,55,7,847,125,245,0.51,47,112,0.42,78,133,0.586,0.606,30,32,0.938,46,204,250,32,10,14,39,113,327
282,Jon Leuer,PF,25,MEM,63,6,824,121,273,0.443,7,29,0.241,114,244,0.467,0.456,37,59,0.627,50,157,207,46,17,9,35,86,286
283,Damian Lillard,PG,24,POR,82,82,2925,590,1360,0.434,196,572,0.343,394,788,0.5,0.506,344,398,0.864,49,329,378,507,97,21,222,164,1720
284,Jeremy Lin,PG,26,LAL,74,30,1907,277,654,0.424,65,176,0.369,212,478,0.444,0.473,213,268,0.795,26,170,196,339,82,32,166,189,832
285,Shaun Livingston,PG,29,GSW,78,2,1468,198,396,0.5,0,2,0,198,394,0.503,0.5,65,91,0.714,43,140,183,259,49,20,102,110,461
286,Brook Lopez,C,26,BRK,72,44,2100,506,987,0.513,1,10,0.1,505,977,0.517,0.513,223,274,0.814,214,321,535,50,43,126,104,206,1236
287,Robin Lopez,C,26,POR,59,59,1638,234,437,0.535,0,1,0,234,436,0.537,0.535,98,127,0.772,190,204,394,55,16,84,73,122,566
288,Kevin Love,PF,26,CLE,75,75,2532,413,952,0.434,144,392,0.367,269,560,0.48,0.509,258,321,0.804,142,589,731,168,51,39,122,140,1228
289,Kyle Lowry,PG,28,TOR,70,70,2414,430,1043,0.412,132,391,0.338,298,652,0.457,0.476,252,312,0.808,54,274,328,473,109,13,173,212,1244
290,Kalin Lucas,PG,25,MEM,1,0,6,0,1,0,0,0,,0,1,0,0,0,0,,0,0,0,0,1,0,0,1,0
291,John Lucas III,PG,32,DET,21,0,272,42,104,0.404,9,29,0.31,33,75,0.44,0.447,5,5,1,4,12,16,60,8,0,16,18,98
292,Shelvin Mack,PG,24,ATL,55,0,833,117,292,0.401,40,127,0.315,77,165,0.467,0.469,25,31,0.806,8,71,79,155,30,2,49,32,299
293,Ian Mahinmi,C,28,IND,61,6,1146,117,212,0.552,0,0,,117,212,0.552,0.552,31,102,0.304,105,251,356,33,30,46,59,172,265
294,Devyn Marble,SG,22,ORL,16,7,208,14,44,0.318,4,22,0.182,10,22,0.455,0.364,5,16,0.313,5,26,31,17,9,2,9,14,37
295,Shawn Marion,SF,36,CLE,57,24,1101,119,267,0.446,12,46,0.261,107,221,0.484,0.468,26,34,0.765,64,138,202,51,27,27,33,58,276
296,Kendall Marshall,PG,23,MIL,28,3,417,46,101,0.455,18,46,0.391,28,55,0.509,0.545,8,9,0.889,2,26,28,86,21,0,35,26,118
297,Cartier Martin,SF,30,DET,23,0,198,15,53,0.283,6,33,0.182,9,20,0.45,0.34,0,0,,0,20,20,11,3,1,5,20,36
298,Kenyon Martin,PF,37,MIL,11,0,104,9,22,0.409,0,0,,9,22,0.409,0.409,2,2,1,6,13,19,5,5,6,3,13,20
299,Kevin Martin,SG,31,MIN,39,36,1302,267,625,0.427,75,191,0.393,192,434,0.442,0.487,170,193,0.881,19,123,142,89,33,1,76,76,779
300,Wesley Matthews,SG,28,POR,60,60,2024,337,752,0.448,173,445,0.389,164,307,0.534,0.563,109,145,0.752,38,184,222,139,77,10,81,132,956
301,Jason Maxiell,PF,31,CHO,61,0,878,81,192,0.422,0,0,,81,192,0.422,0.422,41,71,0.577,86,117,203,19,18,44,29,96,203
302,O.J. Mayo,SG,27,MIL,71,15,1697,296,701,0.422,99,277,0.357,197,424,0.465,0.493,115,139,0.827,30,157,187,197,57,18,128,165,806
303,Luc Mbah a Moute,PF,28,PHI,67,61,1916,251,636,0.395,62,202,0.307,189,434,0.435,0.443,96,163,0.589,82,246,328,106,81,21,99,104,660
304,James Michael McAdoo,PF,22,GSW,15,0,137,24,44,0.545,0,0,,24,44,0.545,0.545,14,25,0.56,15,22,37,2,5,9,6,21,62
305,Ray McCallum,PG,23,SAC,68,30,1436,206,470,0.438,34,111,0.306,172,359,0.479,0.474,57,84,0.679,52,128,180,188,45,11,85,92,503
306,C.J. McCollum,SG,23,POR,62,3,973,159,365,0.436,55,139,0.396,104,226,0.46,0.511,51,73,0.699,14,77,91,64,43,8,48,81,424
307,K.J. McDaniels,SG,21,TOT,62,15,1352,172,434,0.396,43,150,0.287,129,284,0.454,0.446,100,133,0.752,65,135,200,72,44,70,105,126,487
307,K.J. McDaniels,SG,21,PHI,52,15,1319,167,419,0.399,43,147,0.293,124,272,0.456,0.45,99,131,0.756,64,131,195,70,44,68,104,121,476
307,K.J. McDaniels,SG,21,HOU,10,0,33,5,15,0.333,0,3,0,5,12,0.417,0.333,1,2,0.5,1,4,5,2,0,2,1,5,11
308,Doug McDermott,SF,23,CHI,36,0,321,43,107,0.402,13,41,0.317,30,66,0.455,0.463,10,15,0.667,6,37,43,6,4,1,17,29,109
309,Mitch McGary,PF,22,OKC,32,2,485,88,165,0.533,0,2,0,88,163,0.54,0.533,25,40,0.625,53,112,165,14,16,16,31,72,201
310,JaVale McGee,C,27,TOT,23,0,256,42,79,0.532,0,0,,42,79,0.532,0.532,22,33,0.667,18,43,61,3,2,20,18,30,106
310,JaVale McGee,C,27,DEN,17,0,195,34,61,0.557,0,0,,34,61,0.557,0.557,20,29,0.69,14,34,48,1,2,19,13,28,88
310,JaVale McGee,C,27,PHI,6,0,61,8,18,0.444,0,0,,8,18,0.444,0.444,2,4,0.5,4,9,13,2,0,1,5,2,18
311,Ben McLemore,SG,21,SAC,82,82,2670,363,831,0.437,140,391,0.358,223,440,0.507,0.521,130,160,0.813,31,210,241,140,77,19,138,219,996
312,Jerel McNeal,PG,27,PHO,6,0,36,3,11,0.273,1,2,0.5,2,9,0.222,0.318,2,2,1,0,3,3,2,3,1,5,5,9
313,Josh McRoberts,PF,27,MIA,17,4,296,28,53,0.528,8,19,0.421,20,34,0.588,0.604,8,13,0.615,7,38,45,33,12,3,22,41,72
314,Jodie Meeks,SG,27,DET,60,0,1462,222,534,0.416,74,212,0.349,148,322,0.46,0.485,145,160,0.906,12,92,104,79,59,6,57,76,663
315,Gal Mekel,PG,26,NOP,4,0,43,3,20,0.15,0,3,0,3,17,0.176,0.15,0,0,,0,1,1,13,2,0,2,1,6
316,Khris Middleton,SF,23,MIL,79,58,2378,406,869,0.467,109,268,0.407,297,601,0.494,0.53,134,156,0.859,48,299,347,182,122,11,113,183,1055
317,C.J. Miles,SG,27,IND,70,40,1841,329,827,0.398,154,446,0.345,175,381,0.459,0.491,130,161,0.807,18,196,214,75,60,26,73,132,942
318,Andre Miller,PG,38,TOT,81,0,1253,145,290,0.5,7,34,0.206,138,256,0.539,0.512,58,77,0.753,37,116,153,284,32,6,104,103,355
318,Andre Miller,PG,38,WAS,51,0,631,77,142,0.542,1,8,0.125,76,134,0.567,0.546,28,39,0.718,21,56,77,143,14,2,46,56,183
318,Andre Miller,PG,38,SAC,30,0,622,68,148,0.459,6,26,0.231,62,122,0.508,0.48,30,38,0.789,16,60,76,141,18,4,58,47,172
319,Darius Miller,SF,24,NOP,5,1,43,1,7,0.143,0,1,0,1,6,0.167,0.143,0,0,,0,1,1,2,1,0,1,8,2
320,Mike Miller,SF,34,CLE,52,15,701,37,114,0.325,32,98,0.327,5,16,0.313,0.465,3,4,0.75,4,87,91,46,14,4,23,74,109
321,Quincy Miller,PF,22,TOT,10,0,119,9,38,0.237,3,18,0.167,6,20,0.3,0.276,8,11,0.727,4,16,20,8,7,5,5,9,29
321,Quincy Miller,PF,22,SAC,6,0,61,4,18,0.222,1,7,0.143,3,11,0.273,0.25,8,11,0.727,2,10,12,3,6,3,3,4,17
321,Quincy Miller,PF,22,DET,4,0,58,5,20,0.25,2,11,0.182,3,9,0.333,0.3,0,0,,2,6,8,5,1,2,2,5,12
322,Patrick Mills,PG,26,SAS,51,0,801,128,336,0.381,62,182,0.341,66,154,0.429,0.473,33,40,0.825,21,54,75,87,28,2,35,58,351
323,Elijah Millsap,SG,27,UTA,47,5,924,81,238,0.34,28,90,0.311,53,148,0.358,0.399,58,86,0.674,28,122,150,58,56,16,67,124,248
324,Paul Millsap,PF,29,ATL,73,73,2390,443,930,0.476,77,216,0.356,366,714,0.513,0.518,255,337,0.757,139,431,570,223,130,69,166,201,1218
325,Nikola Mirotic,PF,23,CHI,82,3,1654,253,624,0.405,99,313,0.316,154,311,0.495,0.485,228,284,0.803,63,341,404,97,54,54,89,172,833
326,Nazr Mohammed,C,37,CHI,23,0,128,13,30,0.433,0,0,,13,30,0.433,0.433,1,3,0.333,11,27,38,3,4,5,7,16,27
327,Greg Monroe,PF,24,DET,69,57,2137,423,853,0.496,0,0,,423,853,0.496,0.496,252,336,0.75,229,475,704,142,78,34,149,148,1098
328,E'Twaun Moore,SG,25,CHI,56,0,504,62,139,0.446,13,38,0.342,49,101,0.485,0.493,12,20,0.6,12,34,46,33,20,6,14,45,149
329,Eric Moreland,PF,23,SAC,3,0,2,1,1,1,0,0,,1,1,1,1,0,0,,0,1,1,0,0,0,0,1,2
330,Darius Morris,PG,24,BRK,38,0,299,36,106,0.34,7,33,0.212,29,73,0.397,0.373,4,9,0.444,7,20,27,48,9,0,21,20,83
331,Marcus Morris,PF,25,PHO,81,35,2045,331,763,0.434,112,313,0.358,219,450,0.487,0.507,71,113,0.628,73,312,385,133,63,16,73,188,845
332,Markieff Morris,PF,25,PHO,82,82,2581,512,1100,0.465,57,179,0.318,455,921,0.494,0.491,177,232,0.763,110,396,506,192,101,39,170,245,1258
333,Anthony Morrow,SG,29,OKC,74,0,1806,285,615,0.463,141,325,0.434,144,290,0.497,0.578,79,89,0.888,40,155,195,60,54,11,38,135,790
334,Donatas Motiejunas,PF,24,HOU,71,62,2037,353,700,0.504,49,133,0.368,304,567,0.536,0.539,100,166,0.602,137,284,421,130,56,34,123,203,855
335,Timofey Mozgov,C,28,TOT,81,80,2045,314,566,0.555,2,6,0.333,312,560,0.557,0.557,155,216,0.718,203,388,591,55,33,97,116,227,785
335,Timofey Mozgov,C,28,DEN,35,35,897,117,232,0.504,2,6,0.333,115,226,0.509,0.509,63,86,0.733,91,181,272,16,15,41,47,114,299
335,Timofey Mozgov,C,28,CLE,46,45,1148,197,334,0.59,0,0,,197,334,0.59,0.59,92,130,0.708,112,207,319,39,18,56,69,113,486
336,Shabazz Muhammad,SG,22,MIN,38,13,866,194,397,0.489,20,51,0.392,174,346,0.503,0.514,104,145,0.717,63,91,154,44,18,7,35,49,512
337,Toure' Murry,SG-PG,25,TOT,5,0,18,2,5,0.4,0,0,,2,5,0.4,0.4,2,2,1,1,0,1,1,1,0,4,2,6
337,Toure' Murry,PG,25,UTA,1,0,1,0,1,0,0,0,,0,1,0,0,0,0,,0,0,0,0,0,0,0,0,0
337,Toure' Murry,SG,25,WAS,4,0,17,2,4,0.5,0,0,,2,4,0.5,0.5,2,2,1,1,0,1,1,1,0,4,2,6
338,Mike Muscala,PF,23,ATL,40,8,502,83,151,0.55,9,22,0.409,74,129,0.574,0.579,22,25,0.88,52,67,119,25,16,19,21,52,197
339,Shabazz Napier,PG,23,MIA,51,10,1012,87,228,0.382,43,118,0.364,44,110,0.4,0.476,44,56,0.786,17,96,113,130,40,4,81,76,261
340,Gary Neal,SG,30,TOT,54,1,1193,188,503,0.374,50,164,0.305,138,339,0.407,0.423,117,135,0.867,14,115,129,100,23,1,65,88,543
340,Gary Neal,SG,30,CHO,43,0,931,143,398,0.359,39,133,0.293,104,265,0.392,0.408,88,102,0.863,14,80,94,80,16,1,55,70,413
340,Gary Neal,SG,30,MIN,11,1,262,45,105,0.429,11,31,0.355,34,74,0.459,0.481,29,33,0.879,0,35,35,20,7,0,10,18,130
341,Jameer Nelson,PG,32,TOT,63,29,1407,205,504,0.407,89,258,0.345,116,246,0.472,0.495,24,36,0.667,33,113,146,253,47,6,109,136,523
341,Jameer Nelson,PG,32,DAL,23,23,584,61,163,0.374,38,103,0.369,23,60,0.383,0.491,7,8,0.875,14,49,63,95,15,2,39,53,167
341,Jameer Nelson,PG,32,BOS,6,1,121,9,41,0.22,5,25,0.2,4,16,0.25,0.28,6,9,0.667,3,14,17,33,7,0,9,13,29
341,Jameer Nelson,PG,32,DEN,34,5,702,135,300,0.45,46,130,0.354,89,170,0.524,0.527,11,19,0.579,16,50,66,125,25,4,61,70,327
342,Andrew Nicholson,PF,25,ORL,40,3,492,83,190,0.437,13,41,0.317,70,149,0.47,0.471,15,25,0.6,17,65,82,22,6,12,24,51,194
343,Joakim Noah,C,29,CHI,67,67,2049,190,427,0.445,0,2,0,190,425,0.447,0.445,105,174,0.603,219,427,646,312,48,74,123,203,485
344,Nerlens Noel,C,20,PHI,75,71,2311,302,653,0.462,0,0,,302,653,0.462,0.462,140,230,0.609,185,426,611,128,133,142,146,208,744
345,Lucas Nogueira,C,22,TOR,6,0,23,2,8,0.25,0,0,,2,8,0.25,0.25,2,4,0.5,2,9,11,1,2,0,2,6,6
346,Steve Novak,SF-PF,31,TOT,35,0,197,22,56,0.393,19,48,0.396,3,8,0.375,0.563,0,2,0,2,20,22,11,0,2,5,23,63
346,Steve Novak,SF,31,UTA,22,0,109,16,35,0.457,16,33,0.485,0,2,0,0.686,0,2,0,1,15,16,6,0,1,3,13,48
346,Steve Novak,PF,31,OKC,13,0,88,6,21,0.286,3,15,0.2,3,6,0.5,0.357,0,0,,1,5,6,5,0,1,2,10,15
347,Dirk Nowitzki,PF,36,DAL,77,77,2282,487,1062,0.459,104,274,0.38,383,788,0.486,0.508,255,289,0.882,44,413,457,143,39,33,82,160,1333
348,Jusuf Nurkic,C,20,DEN,62,27,1103,171,383,0.446,0,2,0,171,381,0.449,0.446,84,132,0.636,125,257,382,50,52,68,86,207,426
349,Johnny O'Bryant,PF,21,MIL,34,15,368,44,120,0.367,0,0,,44,120,0.367,0.367,12,27,0.444,26,38,64,17,5,4,25,44,100
350,Kyle O'Quinn,PF,24,ORL,51,17,824,119,242,0.492,12,43,0.279,107,199,0.538,0.517,44,57,0.772,46,153,199,59,31,39,55,110,294
351,Victor Oladipo,SG,22,ORL,72,71,2573,473,1086,0.436,84,248,0.339,389,838,0.464,0.474,262,320,0.819,51,251,302,295,120,19,204,187,1292
352,Kelly Olynyk,C,23,BOS,64,13,1423,251,528,0.475,61,175,0.349,190,353,0.538,0.533,93,136,0.684,92,211,303,109,64,39,98,213,656
353,Arinze Onuaku,C,27,MIN,6,1,68,12,14,0.857,0,0,,12,14,0.857,0.857,3,8,0.375,7,14,21,4,1,3,2,6,27
354,Zaza Pachulia,C,30,MIL,73,45,1730,240,529,0.454,0,3,0,240,526,0.456,0.454,126,160,0.788,197,303,500,178,80,21,133,170,606
355,Kostas Papanikolaou,SF,24,HOU,43,1,795,69,197,0.35,31,106,0.292,38,91,0.418,0.429,13,18,0.722,39,79,118,85,29,13,55,71,182
356,Jannero Pargo,PG,35,CHO,9,0,73,15,35,0.429,9,22,0.409,6,13,0.462,0.557,2,2,1,0,3,3,8,0,0,3,8,41
357,Jabari Parker,SF,19,MIL,25,25,738,129,263,0.49,4,16,0.25,125,247,0.506,0.498,46,66,0.697,50,88,138,42,31,5,47,42,308
358,Tony Parker,PG,32,SAS,68,68,1953,404,832,0.486,38,89,0.427,366,743,0.493,0.508,130,166,0.783,15,114,129,335,44,2,146,108,976
359,Chandler Parsons,SF,26,DAL,66,66,2186,383,829,0.462,132,347,0.38,251,482,0.521,0.542,139,193,0.72,64,259,323,161,69,19,96,140,1037
360,Patrick Patterson,PF,25,TOR,81,4,2156,240,535,0.449,105,283,0.371,135,252,0.536,0.547,63,80,0.788,127,306,433,155,60,44,54,149,648
361,Chris Paul,PG,29,LAC,82,82,2857,568,1170,0.485,139,349,0.398,429,821,0.523,0.545,289,321,0.9,52,324,376,838,156,15,190,203,1564
362,Adreian Payne,PF,23,TOT,32,22,739,91,220,0.414,1,9,0.111,90,211,0.427,0.416,30,46,0.652,48,114,162,30,19,9,44,88,213
362,Adreian Payne,PF,23,ATL,3,0,19,2,7,0.286,0,1,0,2,6,0.333,0.286,1,2,0.5,1,3,4,0,1,0,0,4,5
362,Adreian Payne,PF,23,MIN,29,22,720,89,213,0.418,1,8,0.125,88,205,0.429,0.42,29,44,0.659,47,111,158,30,18,9,44,84,208
363,Elfrid Payton,PG,20,ORL,82,63,2489,301,708,0.425,11,42,0.262,290,666,0.435,0.433,118,214,0.551,107,242,349,533,142,20,203,193,731
364,Nikola Pekovic,C,29,MIN,31,29,815,139,328,0.424,0,0,,139,328,0.424,0.424,108,129,0.837,89,145,234,27,19,12,42,59,386
365,Kendrick Perkins,C,30,TOT,68,3,1148,102,227,0.449,0,1,0,102,226,0.451,0.449,42,83,0.506,91,229,320,51,16,42,95,162,246
365,Kendrick Perkins,C,30,OKC,51,3,981,82,186,0.441,0,1,0,82,185,0.443,0.441,38,75,0.507,80,199,279,43,14,38,74,135,202
365,Kendrick Perkins,C,30,CLE,17,0,167,20,41,0.488,0,0,,20,41,0.488,0.488,4,8,0.5,11,30,41,8,2,4,21,27,44
366,Paul Pierce,SF,37,WAS,73,73,1914,293,656,0.447,118,303,0.389,175,353,0.496,0.537,164,210,0.781,45,249,294,144,46,24,92,160,868
367,Mason Plumlee,C,24,BRK,82,45,1743,280,489,0.573,0,3,0,280,486,0.576,0.573,157,317,0.495,175,337,512,74,65,63,106,207,717
368,Miles Plumlee,C,26,TOT,73,28,1194,136,254,0.535,0,0,,136,254,0.535,0.535,22,46,0.478,112,208,320,34,41,66,51,111,294
368,Miles Plumlee,C,26,PHO,54,28,1005,107,195,0.549,0,0,,107,195,0.549,0.549,19,38,0.5,95,179,274,27,35,55,45,99,233
368,Miles Plumlee,C,26,MIL,19,0,189,29,59,0.492,0,0,,29,59,0.492,0.492,3,8,0.375,17,29,46,7,6,11,6,12,61
369,Quincy Pondexter,SF-SG,26,TOT,75,30,1793,188,447,0.421,91,244,0.373,97,203,0.478,0.522,71,96,0.74,53,142,195,94,19,24,51,150,538
369,Quincy Pondexter,SG,26,MEM,30,2,540,48,135,0.356,17,73,0.233,31,62,0.5,0.419,21,30,0.7,20,37,57,28,5,5,10,47,134
369,Quincy Pondexter,SF,26,NOP,45,28,1253,140,312,0.449,74,171,0.433,66,141,0.468,0.567,50,66,0.758,33,105,138,66,14,19,41,103,404
370,Otto Porter,SF,21,WAS,74,13,1432,176,391,0.45,35,104,0.337,141,287,0.491,0.495,58,79,0.734,70,151,221,65,44,30,52,97,445
371,Dwight Powell,PF,23,TOT,29,0,236,31,67,0.463,3,11,0.273,28,56,0.5,0.485,25,33,0.758,18,32,50,9,9,6,11,40,90
371,Dwight Powell,PF,23,BOS,5,0,9,4,5,0.8,0,0,,4,5,0.8,0.8,1,2,0.5,0,1,1,0,2,0,2,1,9
371,Dwight Powell,PF,23,DAL,24,0,227,27,62,0.435,3,11,0.273,24,51,0.471,0.46,24,31,0.774,18,31,49,9,7,6,9,39,81
372,Phil Pressey,PG,23,BOS,50,0,600,64,174,0.368,16,65,0.246,48,109,0.44,0.414,33,49,0.673,13,67,80,117,30,6,41,54,177
373,A.J. Price,PG,28,TOT,26,0,324,51,137,0.372,15,57,0.263,36,80,0.45,0.427,16,24,0.667,6,26,32,46,7,0,14,15,133
373,A.J. Price,PG,28,IND,10,0,193,39,89,0.438,15,39,0.385,24,50,0.48,0.522,12,18,0.667,2,12,14,27,4,0,10,9,105
373,A.J. Price,PG,28,CLE,11,0,87,9,34,0.265,0,11,0,9,23,0.391,0.265,4,6,0.667,4,11,15,13,3,0,3,1,22
373,A.J. Price,PG,28,PHO,5,0,44,3,14,0.214,0,7,0,3,7,0.429,0.214,0,0,,0,3,3,6,0,0,1,5,6
374,Ronnie Price,PG,31,LAL,43,20,982,77,223,0.345,31,109,0.284,46,114,0.404,0.415,36,45,0.8,19,50,69,165,67,4,52,118,221
375,Pablo Prigioni,PG,37,TOT,67,3,1197,91,228,0.399,57,166,0.343,34,62,0.548,0.524,35,41,0.854,30,89,119,171,79,1,62,88,274
375,Pablo Prigioni,PG,37,NYK,43,3,795,68,161,0.422,43,115,0.374,25,46,0.543,0.556,22,26,0.846,18,62,80,104,52,1,47,53,201
375,Pablo Prigioni,PG,37,HOU,24,0,402,23,67,0.343,14,51,0.275,9,16,0.563,0.448,13,15,0.867,12,27,39,67,27,0,15,35,73
376,Tayshaun Prince,SF,34,TOT,58,16,1397,177,402,0.44,31,67,0.463,146,335,0.436,0.479,49,65,0.754,52,158,210,93,29,16,35,55,434
376,Tayshaun Prince,SF,34,MEM,26,9,628,75,183,0.41,15,33,0.455,60,150,0.4,0.451,25,30,0.833,21,62,83,37,9,6,15,22,190
376,Tayshaun Prince,SF,34,BOS,9,0,198,33,59,0.559,5,8,0.625,28,51,0.549,0.602,5,6,0.833,6,24,30,18,5,2,4,7,76
376,Tayshaun Prince,SF,34,DET,23,7,571,69,160,0.431,11,26,0.423,58,134,0.433,0.466,19,29,0.655,25,72,97,38,15,8,16,26,168
377,Miroslav Raduljica,C,27,MIN,5,0,23,3,8,0.375,0,0,,3,8,0.375,0.375,2,2,1,2,3,5,0,1,0,2,8,8
378,Julius Randle,PF,20,LAL,1,0,14,1,3,0.333,0,0,,1,3,0.333,0.333,0,2,0,0,0,0,0,0,0,1,1,2
379,Shavlik Randolph,PF,31,TOT,21,0,126,9,35,0.257,0,5,0,9,30,0.3,0.257,6,12,0.5,16,22,38,4,5,3,3,16,24
379,Shavlik Randolph,PF,31,PHO,16,0,101,6,25,0.24,0,4,0,6,21,0.286,0.24,5,10,0.5,12,14,26,3,4,2,2,13,17
379,Shavlik Randolph,PF,31,BOS,5,0,25,3,10,0.3,0,1,0,3,9,0.333,0.3,1,2,0.5,4,8,12,1,1,1,1,3,7
380,Zach Randolph,PF,33,MEM,71,71,2304,454,932,0.487,7,20,0.35,447,912,0.49,0.491,228,298,0.765,225,522,747,153,69,14,156,175,1143
381,J.J. Redick,SG,30,LAC,78,78,2409,447,938,0.477,200,458,0.437,247,480,0.515,0.583,183,203,0.901,22,145,167,137,39,8,95,134,1277
382,Glen Rice,SG,24,WAS,5,0,43,3,15,0.2,1,7,0.143,2,8,0.25,0.233,4,6,0.667,2,2,4,2,0,0,2,11,11
383,Jason Richardson,SG,34,PHI,19,15,416,62,178,0.348,31,96,0.323,31,82,0.378,0.435,17,22,0.773,13,53,66,38,13,3,16,28,172
384,Luke Ridnour,PG,33,ORL,47,0,683,75,176,0.426,20,63,0.317,55,113,0.487,0.483,18,21,0.857,8,60,68,96,20,4,38,67,188
385,Austin Rivers,PG-SG,22,TOT,76,5,1563,203,496,0.409,39,131,0.298,164,365,0.449,0.449,85,126,0.675,27,125,152,155,48,14,65,146,530
385,Austin Rivers,SG,22,NOP,35,3,772,86,222,0.387,14,50,0.28,72,172,0.419,0.419,53,71,0.746,12,56,68,87,18,7,30,65,239
385,Austin Rivers,PG,22,LAC,41,2,791,117,274,0.427,25,81,0.309,92,193,0.477,0.473,32,55,0.582,15,69,84,68,30,7,35,81,291
386,Andre Roberson,SG,23,OKC,67,65,1286,92,201,0.458,21,85,0.247,71,116,0.612,0.51,23,48,0.479,60,195,255,70,53,29,46,141,228
387,Brian Roberts,PG,29,CHO,72,10,1330,176,452,0.389,62,193,0.321,114,259,0.44,0.458,66,74,0.892,13,96,109,162,33,6,57,75,480
388,Nate Robinson,PG,30,TOT,42,1,591,88,255,0.345,31,112,0.277,57,143,0.399,0.406,31,46,0.674,17,33,50,97,20,3,30,76,238
388,Nate Robinson,PG,30,DEN,33,1,465,71,204,0.348,24,92,0.261,47,112,0.42,0.407,26,40,0.65,14,25,39,77,14,3,22,68,192
388,Nate Robinson,PG,30,LAC,9,0,126,17,51,0.333,7,20,0.35,10,31,0.323,0.402,5,6,0.833,3,8,11,20,6,0,8,8,46
389,Thomas Robinson,PF,23,TOT,54,4,798,126,260,0.485,0,2,0,126,258,0.488,0.485,56,106,0.528,95,208,303,33,32,20,59,104,308
389,Thomas Robinson,PF,23,POR,32,4,391,47,91,0.516,0,0,,47,91,0.516,0.516,21,48,0.438,33,100,133,9,16,11,33,54,115
389,Thomas Robinson,PF,23,PHI,22,0,407,79,169,0.467,0,2,0,79,167,0.473,0.467,35,58,0.603,62,108,170,24,16,9,26,50,193
390,Glenn Robinson III,SG-SF,21,TOT,35,1,261,26,67,0.388,5,19,0.263,21,48,0.438,0.425,16,24,0.667,15,24,39,11,6,1,11,15,73
390,Glenn Robinson III,SG,21,MIN,25,0,108,8,24,0.333,1,6,0.167,7,18,0.389,0.354,12,16,0.75,4,10,14,3,3,0,3,5,29
390,Glenn Robinson III,SF,21,PHI,10,1,153,18,43,0.419,4,13,0.308,14,30,0.467,0.465,4,8,0.5,11,14,25,8,3,1,8,10,44
391,Rajon Rondo,PG,28,TOT,68,68,2018,275,645,0.426,27,86,0.314,248,559,0.444,0.447,31,78,0.397,73,300,373,538,91,7,210,153,608
391,Rajon Rondo,PG,28,BOS,22,22,699,81,200,0.405,8,32,0.25,73,168,0.435,0.425,12,36,0.333,25,140,165,237,37,3,75,42,182
391,Rajon Rondo,PG,28,DAL,46,46,1319,194,445,0.436,19,54,0.352,175,391,0.448,0.457,19,42,0.452,48,160,208,301,54,4,135,111,426
392,Derrick Rose,PG,26,CHI,51,51,1530,338,835,0.405,76,271,0.28,262,564,0.465,0.45,152,187,0.813,35,126,161,251,36,16,161,63,904
393,Terrence Ross,SF,23,TOR,82,61,2092,309,753,0.41,145,390,0.372,164,363,0.452,0.507,44,56,0.786,32,194,226,86,53,25,69,136,807
394,Ricky Rubio,PG,24,MIN,22,22,692,78,219,0.356,13,51,0.255,65,168,0.387,0.386,57,71,0.803,19,106,125,193,38,1,64,59,226
395,Damjan Rudez,SF,28,IND,68,2,1047,119,263,0.452,69,170,0.406,50,93,0.538,0.584,16,23,0.696,8,39,47,53,16,5,47,79,323
396,Brandon Rush,SG,29,GSW,33,0,271,11,54,0.204,3,27,0.111,8,27,0.296,0.231,5,11,0.455,4,37,41,12,5,12,11,27,30
397,Robert Sacre,C,25,LAL,67,18,1133,126,306,0.412,0,1,0,126,305,0.413,0.412,55,82,0.671,89,144,233,55,28,43,36,121,307
398,John Salmons,SF,35,NOP,21,0,270,16,48,0.333,8,26,0.308,8,22,0.364,0.417,2,4,0.5,4,17,21,13,9,4,5,25,42
399,JaKarr Sampson,SF,21,PHI,74,32,1131,146,346,0.422,31,127,0.244,115,219,0.525,0.467,63,94,0.67,35,128,163,77,38,26,76,135,386
400,Larry Sanders,C,26,MIL,27,26,586,86,172,0.5,0,0,,86,172,0.5,0.5,24,48,0.5,67,99,166,23,26,39,28,104,196
401,Dennis Schroder,PG,21,ATL,77,10,1516,284,665,0.427,52,148,0.351,232,517,0.449,0.466,148,179,0.827,29,135,164,317,49,4,150,127,768
402,Luis Scola,PF,34,IND,81,16,1659,300,642,0.467,5,20,0.25,295,622,0.474,0.471,158,226,0.699,138,388,526,105,47,18,94,192,763
403,Mike Scott,PF,26,ATL,68,0,1123,201,453,0.444,66,192,0.344,135,261,0.517,0.517,61,77,0.792,45,154,199,75,25,3,39,83,529
404,Thabo Sefolosha,SF,30,ATL,52,7,976,104,249,0.418,25,78,0.321,79,171,0.462,0.468,45,58,0.776,53,170,223,75,53,21,38,67,278
405,Kevin Seraphin,C,25,WAS,79,0,1235,231,450,0.513,0,2,0,231,448,0.516,0.513,58,82,0.707,87,201,288,59,10,59,98,197,520
406,Ramon Sessions,PG,28,TOT,64,10,1188,125,334,0.374,19,60,0.317,106,274,0.387,0.403,133,173,0.769,23,121,144,182,29,0,86,73,402
406,Ramon Sessions,PG,28,SAC,36,7,642,63,183,0.344,6,28,0.214,57,155,0.368,0.361,64,88,0.727,13,56,69,96,13,0,51,45,196
406,Ramon Sessions,PG,28,WAS,28,3,546,62,151,0.411,13,32,0.406,49,119,0.412,0.454,69,85,0.812,10,65,75,86,16,0,35,28,206
407,Iman Shumpert,SG,24,TOT,62,25,1545,193,471,0.41,67,196,0.342,126,275,0.458,0.481,43,64,0.672,55,169,224,135,81,16,91,138,496
407,Iman Shumpert,SG,24,NYK,24,24,625,88,215,0.409,23,66,0.348,65,149,0.436,0.463,25,37,0.676,22,59,81,78,30,3,42,67,224
407,Iman Shumpert,SG,24,CLE,38,1,920,105,256,0.41,44,130,0.338,61,126,0.484,0.496,18,27,0.667,33,110,143,57,51,13,49,71,272
408,Alexey Shved,SG,26,TOT,42,9,767,133,335,0.397,47,139,0.338,86,196,0.439,0.467,121,150,0.807,23,76,99,106,30,6,48,48,434
408,Alexey Shved,SG,26,PHI,17,0,285,52,130,0.4,17,57,0.298,35,73,0.479,0.465,48,57,0.842,8,14,22,46,14,1,18,21,169
408,Alexey Shved,SG,26,HOU,9,0,59,8,24,0.333,4,12,0.333,4,12,0.333,0.417,9,11,0.818,1,3,4,3,1,0,5,2,29
408,Alexey Shved,SG,26,NYK,16,9,423,73,181,0.403,26,70,0.371,47,111,0.423,0.475,64,82,0.78,14,59,73,57,15,5,25,25,236
409,Henry Sims,C,24,PHI,73,32,1399,238,502,0.474,4,22,0.182,234,480,0.488,0.478,106,137,0.774,121,238,359,79,39,30,99,135,586
410,Kyle Singler,SF,26,TOT,80,58,1743,172,446,0.386,96,241,0.398,76,205,0.371,0.493,40,52,0.769,33,161,194,85,47,21,55,153,480
410,Kyle Singler,SF,26,DET,54,40,1287,140,350,0.4,76,187,0.406,64,163,0.393,0.509,29,36,0.806,23,116,139,67,33,14,42,98,385
410,Kyle Singler,SF,26,OKC,26,18,456,32,96,0.333,20,54,0.37,12,42,0.286,0.438,11,16,0.688,10,45,55,18,14,7,13,55,95
411,Donald Sloan,PG,27,IND,53,21,1107,145,355,0.408,41,131,0.313,104,224,0.464,0.466,60,77,0.779,12,131,143,190,23,0,65,47,391
412,Marcus Smart,PG,20,BOS,67,38,1808,175,477,0.367,91,272,0.335,84,205,0.41,0.462,82,127,0.646,61,161,222,208,99,18,90,176,523
413,Greg Smith,PF,24,DAL,42,2,363,30,49,0.612,0,0,,30,49,0.612,0.612,20,39,0.513,26,53,79,9,7,11,11,53,80
414,Ish Smith,PG,26,TOT,55,14,832,143,367,0.39,18,60,0.3,125,307,0.407,0.414,34,57,0.596,15,85,100,180,36,6,78,50,338
414,Ish Smith,PG,26,OKC,30,0,155,15,45,0.333,1,5,0.2,14,40,0.35,0.344,6,9,0.667,5,22,27,28,4,1,9,12,37
414,Ish Smith,PG,26,PHI,25,14,677,128,322,0.398,17,55,0.309,111,267,0.416,0.424,28,48,0.583,10,63,73,152,32,5,69,38,301
415,J.R. Smith,SG,29,TOT,70,51,2080,315,755,0.417,163,426,0.383,152,329,0.462,0.525,54,72,0.75,30,188,218,195,82,22,97,163,847
415,J.R. Smith,SG,29,NYK,24,6,619,101,251,0.402,32,90,0.356,69,161,0.429,0.466,27,39,0.692,4,54,58,81,18,4,45,44,261
415,J.R. Smith,SG,29,CLE,46,45,1461,214,504,0.425,131,336,0.39,83,168,0.494,0.555,27,33,0.818,26,134,160,114,64,18,52,119,586
416,Jason Smith,C,28,NYK,82,31,1785,257,592,0.434,15,42,0.357,242,550,0.44,0.447,127,153,0.83,98,226,324,140,32,44,104,205,656
417,Josh Smith,PF,29,TOT,83,35,2300,414,987,0.419,72,228,0.316,342,759,0.451,0.456,127,255,0.498,152,378,530,277,87,116,206,228,1027
417,Josh Smith,PF,29,DET,28,28,896,153,391,0.391,9,37,0.243,144,354,0.407,0.403,52,111,0.468,52,150,202,132,37,48,72,82,367
417,Josh Smith,PF,29,HOU,55,7,1404,261,596,0.438,63,191,0.33,198,405,0.489,0.491,75,144,0.521,100,228,328,145,50,68,134,146,660
418,Russ Smith,PG,23,TOT,12,0,65,8,25,0.32,2,11,0.182,6,14,0.429,0.36,12,13,0.923,1,5,6,8,3,0,12,13,30
418,Russ Smith,PG,23,NOP,6,0,29,2,10,0.2,1,6,0.167,1,4,0.25,0.25,0,0,,0,3,3,2,0,0,7,6,5
418,Russ Smith,PG,23,MEM,6,0,36,6,15,0.4,1,5,0.2,5,10,0.5,0.433,12,13,0.923,1,2,3,6,3,0,5,7,25
419,Tony Snell,SF,23,CHI,72,22,1412,159,371,0.429,73,197,0.371,86,174,0.494,0.527,44,55,0.8,31,145,176,62,32,11,48,86,435
420,Marreese Speights,PF,27,GSW,76,9,1207,318,646,0.492,5,18,0.278,313,628,0.498,0.496,150,178,0.843,109,216,325,72,20,34,82,189,791
421,Tiago Splitter,C,30,SAS,52,35,1030,169,303,0.558,0,0,,169,303,0.558,0.558,90,120,0.75,91,161,252,78,35,37,60,103,428
422,Nik Stauskas,SG,21,SAC,73,1,1127,108,296,0.365,48,149,0.322,60,147,0.408,0.446,55,64,0.859,11,77,88,67,20,17,40,92,319
423,Lance Stephenson,SG,24,CHO,61,25,1573,207,550,0.376,18,105,0.171,189,445,0.425,0.393,69,110,0.627,39,238,277,240,38,8,128,134,501
424,Greg Stiemsma,C,29,TOR,17,0,66,6,8,0.75,0,0,,6,8,0.75,0.75,2,4,0.5,9,6,15,3,2,0,7,15,14
425,David Stockton,PG,23,SAC,3,0,33,2,6,0.333,1,2,0.5,1,4,0.25,0.417,3,6,0.5,0,2,2,9,2,0,4,1,8
426,Jarnell Stokes,PF,21,MEM,19,2,126,21,37,0.568,0,0,,21,37,0.568,0.568,15,28,0.536,16,18,34,4,5,5,7,25,57
427,Amar'e Stoudemire,PF,32,TOT,59,15,1245,273,490,0.557,0,4,0,273,486,0.562,0.557,134,186,0.72,110,219,329,45,29,38,78,161,680
427,Amar'e Stoudemire,PF,32,NYK,36,14,865,169,311,0.543,0,3,0,169,308,0.549,0.543,94,127,0.74,83,162,245,37,20,34,63,111,432
427,Amar'e Stoudemire,PF,32,DAL,23,1,380,104,179,0.581,0,1,0,104,178,0.584,0.581,40,59,0.678,27,57,84,8,9,4,15,50,248
428,Rodney Stuckey,PG,28,IND,71,36,1874,332,754,0.44,55,141,0.39,277,613,0.452,0.477,177,216,0.819,36,212,248,219,56,10,118,131,896
429,Jared Sullinger,PF,22,BOS,58,49,1566,311,708,0.439,52,184,0.283,259,524,0.494,0.476,96,129,0.744,147,294,441,134,44,42,78,153,770
430,Jeffery Taylor,SF,25,CHO,29,13,430,45,114,0.395,11,36,0.306,34,78,0.436,0.443,26,41,0.634,14,39,53,22,12,1,19,36,127
431,Jeff Teague,PG,26,ATL,73,72,2228,408,887,0.46,71,207,0.343,337,680,0.496,0.5,275,319,0.862,30,154,184,513,125,31,205,139,1162
432,Mirza Teletovic,PF,29,BRK,40,4,892,122,319,0.382,62,193,0.321,60,126,0.476,0.48,33,46,0.717,27,167,194,46,14,16,53,74,339
433,Sebastian Telfair,PG,29,OKC,16,1,327,46,125,0.368,18,60,0.3,28,65,0.431,0.44,24,34,0.706,2,28,30,45,10,0,18,29,134
434,Garrett Temple,SG,28,WAS,52,18,735,68,170,0.4,33,88,0.375,35,82,0.427,0.497,35,48,0.729,24,66,90,56,42,9,34,76,204
435,Jason Terry,SG,37,HOU,77,18,1641,188,446,0.422,126,323,0.39,62,123,0.504,0.563,39,48,0.813,15,106,121,147,66,19,74,116,541
436,Isaiah Thomas,PG,25,TOT,67,1,1726,335,797,0.42,129,346,0.373,206,451,0.457,0.501,302,348,0.868,33,120,153,284,57,5,143,150,1101
436,Isaiah Thomas,PG,25,PHO,46,1,1181,218,512,0.426,81,207,0.391,137,305,0.449,0.505,184,211,0.872,26,83,109,171,45,5,89,105,701
436,Isaiah Thomas,PG,25,BOS,21,0,545,117,285,0.411,48,139,0.345,69,146,0.473,0.495,118,137,0.861,7,37,44,113,12,0,54,45,400
437,Lance Thomas,PF-SF,26,TOT,62,37,1490,182,442,0.412,7,22,0.318,175,420,0.417,0.42,72,99,0.727,65,130,195,69,37,8,74,101,443
437,Lance Thomas,SF,26,OKC,22,13,450,45,126,0.357,0,1,0,45,125,0.36,0.357,23,33,0.697,28,47,75,20,11,0,17,38,113
437,Lance Thomas,PF,26,NYK,40,24,1040,137,316,0.434,7,21,0.333,130,295,0.441,0.445,49,66,0.742,37,83,120,49,26,8,57,63,330
438,Malcolm Thomas,PF,26,PHI,17,0,194,18,40,0.45,0,7,0,18,33,0.545,0.45,9,13,0.692,16,40,56,7,3,1,13,17,45
439,Tyrus Thomas,PF,28,MEM,2,0,7,1,1,1,0,0,,1,1,1,1,2,2,1,0,0,0,1,0,0,0,0,4
440,Hollis Thompson,SG,23,PHI,71,23,1776,224,543,0.413,115,287,0.401,109,256,0.426,0.518,63,89,0.708,53,145,198,85,57,26,66,141,626
441,Jason Thompson,PF,28,SAC,81,63,1991,201,428,0.47,0,1,0,201,427,0.471,0.47,89,143,0.622,139,391,530,85,33,57,84,239,491
442,Klay Thompson,SG,24,GSW,77,77,2455,602,1299,0.463,239,545,0.439,363,754,0.481,0.555,225,256,0.879,27,220,247,222,87,60,149,122,1668
443,Tristan Thompson,PF,23,CLE,82,15,2194,267,488,0.547,0,0,,267,488,0.547,0.547,159,248,0.641,274,383,657,39,34,61,83,189,693
444,Marcus Thornton,SG,27,TOT,48,0,721,140,345,0.406,54,143,0.378,86,202,0.426,0.484,46,56,0.821,23,63,86,36,27,7,27,38,380
444,Marcus Thornton,SG,27,BOS,39,0,640,127,305,0.416,52,124,0.419,75,181,0.414,0.502,42,51,0.824,19,54,73,34,21,7,22,35,348
444,Marcus Thornton,SG,27,PHO,9,0,81,13,40,0.325,2,19,0.105,11,21,0.524,0.35,4,5,0.8,4,9,13,2,6,0,5,3,32
445,Anthony Tolliver,PF,29,TOT,76,11,1432,161,393,0.41,106,290,0.366,55,103,0.534,0.545,54,69,0.783,51,185,236,59,24,16,51,137,482
445,Anthony Tolliver,PF,29,PHO,24,0,272,26,74,0.351,24,62,0.387,2,12,0.167,0.514,4,6,0.667,6,38,44,10,4,1,11,20,80
445,Anthony Tolliver,PF,29,DET,52,11,1160,135,319,0.423,82,228,0.36,53,91,0.582,0.552,50,63,0.794,45,147,192,49,20,15,40,117,402
446,P.J. Tucker,SF,29,PHO,78,63,2383,261,596,0.438,87,252,0.345,174,344,0.506,0.511,104,143,0.727,114,388,502,122,107,23,96,179,713
447,Ronny Turiaf,C,32,MIN,2,0,19,0,0,,0,0,,0,0,,,0,0,,0,1,1,2,0,0,0,0,0
448,Hedo Turkoglu,SF,35,LAC,62,2,705,83,188,0.441,60,139,0.432,23,49,0.469,0.601,6,11,0.545,5,94,99,37,19,7,29,66,232
449,Evan Turner,SG,26,BOS,82,57,2260,320,746,0.429,33,119,0.277,287,627,0.458,0.451,106,141,0.752,40,377,417,449,83,19,198,180,779
450,Ekpe Udoh,PF,27,LAC,33,0,128,11,24,0.458,0,0,,11,24,0.458,0.458,7,9,0.778,7,19,26,8,8,7,7,20,29
451,Beno Udrih,PG,32,MEM,79,12,1494,246,505,0.487,26,97,0.268,220,408,0.539,0.513,87,102,0.853,20,123,143,220,46,8,89,88,605
452,Jonas Valanciunas,C,22,TOR,80,80,2096,373,652,0.572,0,1,0,373,651,0.573,0.572,217,276,0.786,215,478,693,39,33,95,109,222,963
453,Anderson Varejao,C,32,CLE,26,26,636,111,200,0.555,0,2,0,111,198,0.561,0.555,33,45,0.733,57,113,170,35,19,16,35,58,255
454,Greivis Vasquez,PG,28,TOR,82,29,1991,296,725,0.408,133,351,0.379,163,374,0.436,0.5,50,66,0.758,22,194,216,302,46,10,119,177,775
455,Charlie Villanueva,PF,30,DAL,64,1,678,150,362,0.414,83,221,0.376,67,141,0.475,0.529,20,35,0.571,30,119,149,19,15,22,28,64,403
456,Noah Vonleh,PF,19,CHO,25,0,259,30,76,0.395,5,13,0.385,25,63,0.397,0.428,18,26,0.692,28,58,86,4,4,9,11,20,83
457,Nikola Vucevic,C,24,ORL,74,74,2529,631,1206,0.523,2,6,0.333,629,1200,0.524,0.524,164,218,0.752,238,572,810,147,54,54,148,220,1428
458,Dwyane Wade,SG,33,MIA,62,62,1971,509,1084,0.47,29,102,0.284,480,982,0.489,0.483,284,370,0.768,58,161,219,299,73,21,209,105,1331
459,Dion Waiters,SG,23,TOT,80,23,2208,375,946,0.396,73,246,0.297,302,700,0.431,0.435,117,172,0.68,41,151,192,163,90,21,113,155,940
459,Dion Waiters,SG,23,CLE,33,3,786,138,342,0.404,22,86,0.256,116,256,0.453,0.436,47,60,0.783,12,45,57,74,44,10,50,59,345
459,Dion Waiters,SG,23,OKC,47,20,1422,237,604,0.392,51,160,0.319,186,444,0.419,0.435,70,112,0.625,29,106,135,89,46,11,63,96,595
460,Henry Walker,SF,27,MIA,24,13,628,58,168,0.345,45,132,0.341,13,36,0.361,0.479,14,18,0.778,7,75,82,29,24,9,24,76,175
461,Kemba Walker,PG,24,CHO,62,58,2119,378,981,0.385,85,280,0.304,293,701,0.418,0.429,234,283,0.827,35,185,220,318,89,31,100,92,1075
462,John Wall,PG,24,WAS,79,79,2837,519,1166,0.445,65,217,0.3,454,949,0.478,0.473,284,362,0.785,36,330,366,792,138,45,304,180,1387
463,Gerald Wallace,SF,32,BOS,32,0,286,14,34,0.412,1,3,0.333,13,31,0.419,0.426,6,15,0.4,17,40,57,11,15,4,18,19,35
464,T.J. Warren,SF,21,PHO,40,1,614,113,214,0.528,5,21,0.238,108,193,0.56,0.54,14,19,0.737,41,44,85,25,18,9,27,51,245
465,C.J. Watson,PG,30,IND,57,21,1422,181,417,0.434,70,175,0.4,111,242,0.459,0.518,138,167,0.826,18,145,163,208,57,9,100,107,570
466,David Wear,PF,24,SAC,2,0,7,0,2,0,0,1,0,0,1,0,0,0,0,,2,0,2,1,0,0,0,1,0
467,Travis Wear,SF,24,NYK,51,1,672,84,209,0.402,11,30,0.367,73,179,0.408,0.428,20,26,0.769,31,75,106,40,15,11,35,55,199
468,Martell Webster,SF,28,WAS,32,0,352,24,91,0.264,10,43,0.233,14,48,0.292,0.319,48,64,0.75,10,36,46,17,7,1,22,24,106
469,David West,PF,34,IND,66,66,1895,323,686,0.471,4,20,0.2,319,666,0.479,0.474,119,161,0.739,108,341,449,223,48,48,120,160,769
470,Russell Westbrook,PG,26,OKC,67,67,2302,627,1471,0.426,86,288,0.299,541,1183,0.457,0.455,546,654,0.835,124,364,488,574,140,14,293,184,1886
471,Hassan Whiteside,C,25,MIA,48,32,1142,243,387,0.628,0,0,,243,387,0.628,0.628,78,156,0.5,145,337,482,6,27,123,58,129,564
472,Shayne Whittington,PF,23,IND,20,0,108,19,42,0.452,1,6,0.167,18,36,0.5,0.464,18,23,0.783,10,19,29,6,5,2,5,18,57
473,Andrew Wiggins,SG,19,MIN,82,82,2969,497,1137,0.437,39,126,0.31,458,1011,0.453,0.454,354,466,0.76,134,240,374,170,86,50,177,190,1387
474,C.J. Wilcox,SG,24,LAC,21,0,101,16,38,0.421,7,19,0.368,9,19,0.474,0.513,2,2,1,1,6,7,8,3,1,10,7,41
475,Deron Williams,PG,30,BRK,68,55,2114,298,771,0.387,87,237,0.367,211,534,0.395,0.443,201,241,0.834,29,208,237,448,64,17,154,157,884
476,Derrick Williams,PF,23,SAC,74,6,1462,217,485,0.447,49,156,0.314,168,329,0.511,0.498,134,196,0.684,41,161,202,50,34,4,56,67,617
477,Elliot Williams,SG,25,TOT,13,0,119,14,37,0.378,8,18,0.444,6,19,0.316,0.486,1,4,0.25,0,8,8,12,4,0,4,12,37
477,Elliot Williams,SG,25,UTA,5,0,42,6,13,0.462,5,7,0.714,1,6,0.167,0.654,1,2,0.5,0,3,3,4,2,0,4,1,18
477,Elliot Williams,SG,25,NOP,8,0,77,8,24,0.333,3,11,0.273,5,13,0.385,0.396,0,2,0,0,5,5,8,2,0,0,11,19
478,Lou Williams,SG,28,TOR,80,0,2016,375,928,0.404,152,447,0.34,223,481,0.464,0.486,340,395,0.861,24,127,151,164,88,10,101,103,1242
479,Marvin Williams,PF,28,CHO,78,37,2035,210,495,0.424,95,265,0.358,115,230,0.5,0.52,62,87,0.713,58,328,386,100,69,36,60,146,577
480,Mo Williams,PG,32,TOT,68,33,1980,341,860,0.397,119,348,0.342,222,512,0.434,0.466,163,187,0.872,22,152,174,424,46,14,172,162,964
480,Mo Williams,PG,32,MIN,41,19,1149,180,447,0.403,59,170,0.347,121,277,0.437,0.469,80,94,0.851,13,85,98,261,30,8,102,103,499
480,Mo Williams,PG,32,CHO,27,14,831,161,413,0.39,60,178,0.337,101,235,0.43,0.462,83,93,0.892,9,67,76,163,16,6,70,59,465
481,Reggie Williams,SF,28,SAS,20,0,105,15,39,0.385,3,19,0.158,12,20,0.6,0.423,4,4,1,5,12,17,10,1,0,2,12,37
482,Shawne Williams,SF,28,TOT,63,22,1087,121,300,0.403,64,178,0.36,57,122,0.467,0.51,35,40,0.875,36,130,166,44,25,21,30,135,341
482,Shawne Williams,SF,28,MIA,44,22,924,102,240,0.425,60,152,0.395,42,88,0.477,0.55,28,33,0.848,27,112,139,36,21,17,23,116,292
482,Shawne Williams,SF,28,DET,19,0,163,19,60,0.317,4,26,0.154,15,34,0.441,0.35,7,7,1,9,18,27,8,4,4,7,19,49
483,Jeff Withey,C,24,NOP,37,0,259,32,64,0.5,0,0,,32,64,0.5,0.5,34,50,0.68,23,41,64,11,4,18,12,26,98
484,Nate Wolters,PG,23,TOT,21,0,247,20,57,0.351,0,7,0,20,50,0.4,0.351,2,6,0.333,8,26,34,21,8,2,13,18,42
484,Nate Wolters,PG,23,MIL,11,0,142,12,31,0.387,0,5,0,12,26,0.462,0.387,1,4,0.25,2,14,16,10,5,0,3,11,25
484,Nate Wolters,PG,23,NOP,10,0,105,8,26,0.308,0,2,0,8,24,0.333,0.308,1,2,0.5,6,12,18,11,3,2,10,7,17
485,Brandan Wright,PF,27,TOT,75,7,1449,233,363,0.642,0,3,0,233,360,0.647,0.642,78,112,0.696,128,193,321,41,50,94,34,102,544
485,Brandan Wright,PF,27,DAL,27,0,505,101,135,0.748,0,0,,101,135,0.748,0.748,36,48,0.75,51,59,110,10,17,42,13,44,238
485,Brandan Wright,PF,27,BOS,8,0,86,12,21,0.571,0,0,,12,21,0.571,0.571,2,4,0.5,7,10,17,8,1,5,5,4,26
485,Brandan Wright,PF,27,PHO,40,7,858,120,207,0.58,0,3,0,120,204,0.588,0.58,40,60,0.667,70,124,194,23,32,47,16,54,280
486,Dorell Wright,SF,29,POR,48,2,592,72,190,0.379,41,108,0.38,31,82,0.378,0.487,34,42,0.81,14,97,111,41,20,11,18,55,219
487,Tony Wroten,SG,21,PHI,30,15,895,175,434,0.403,37,142,0.261,138,292,0.473,0.446,120,180,0.667,22,64,86,157,48,8,113,72,507
488,James Young,SG,19,BOS,31,0,332,36,102,0.353,17,66,0.258,19,36,0.528,0.436,16,29,0.552,9,33,42,13,8,2,5,22,105
489,Nick Young,SG,29,LAL,42,0,1000,174,476,0.366,83,225,0.369,91,251,0.363,0.453,132,148,0.892,17,79,96,41,23,11,44,83,563
490,Thaddeus Young,PF,26,TOT,76,68,2434,451,968,0.466,38,115,0.33,413,853,0.484,0.486,131,200,0.655,127,284,411,173,124,25,117,171,1071
490,Thaddeus Young,PF,26,MIN,48,48,1605,289,641,0.451,19,65,0.292,270,576,0.469,0.466,88,129,0.682,75,170,245,135,86,17,75,115,685
490,Thaddeus Young,PF,26,BRK,28,20,829,162,327,0.495,19,50,0.38,143,277,0.516,0.524,43,71,0.606,52,114,166,38,38,8,42,56,386
491,Cody Zeller,C,22,CHO,62,45,1487,172,373,0.461,1,1,1,171,372,0.46,0.462,127,164,0.774,97,265,362,100,34,49,62,156,472
492,Tyler Zeller,C,25,BOS,82,59,1731,340,619,0.549,0,0,,340,619,0.549,0.549,153,186,0.823,146,319,465,113,18,52,76,205,833
